"Phoenix, AZ, USA",33.4483771,-112.0740373
"Cibolo, TX, USA",29.561618,-98.2269553
"Mountain Lakes, NJ, USA",40.8948212,-74.4329314
"Houston, TX, USA",29.7604267,-95.3698028
"West Alexandria, OH 45381, USA",39.7444973,-84.53217269999999
"Noble, OK, USA",35.1392357,-97.394753
"Portland, OR, USA",45.5230622,-122.6764816
"Venice, FL, USA",27.0997775,-82.4542632
"Las Vegas, NV, USA",36.1699412,-115.1398296
"Ashby, MA, USA",42.6772767,-71.81871389999999
"Cincinnati, OH, USA",39.1031182,-84.5120196
"San Francisco, CA, USA",37.7749295,-122.4194155
"Los Angeles, CA, USA",34.0522342,-118.2436849
"Atlanta, GA, USA",33.7489954,-84.3879824
"Philadelphia, PA, USA",39.9525839,-75.1652215
"Aquasco, MD 20608, USA",38.5851203,-76.7249652
"Chicago, IL, USA",41.8781136,-87.6297982
"Scottsdale, AZ, USA",33.4941704,-111.9260519
"Fayetteville, NC, USA",35.0526641,-78.87835849999999
"Fullerton, CA, USA",33.8703596,-117.9242966
"Lompoc, CA, USA",34.6391501,-120.4579409
"Oakland, CA, USA",37.8043637,-122.2711137
"San Diego, CA, USA",32.715738,-117.1610838
"Phoenix, AZ, USA",33.4483771,-112.0740373
"Cincinnati, OH, USA",39.1031182,-84.5120196
"Chicago, IL, USA",41.8781136,-87.6297982
"Saint Paul, MN, USA",44.9537029,-93.0899578
"Pueblo, CO, USA",38.2544472,-104.6091409
"Baltimore, MD, USA",39.3248208,-76.7567368
"Fresno, CA, USA",36.7468422,-119.7725868
"Homewood, IL, USA",41.5572567,-87.6656014
"Spokane, WA, USA",47.6587802,-117.4260466
"Dallas, TX, USA",32.7802618,-96.8009781
"Ventura, CA, USA",34.274646,-119.2290316
"Vincennes, IN 47591, USA",38.677269,-87.5286325
"San Diego, CA, USA",32.715738,-117.1610838
"Jacksonville, FL, USA",30.3321838,-81.65565099999999
"Spokane, WA, USA",47.6587802,-117.4260466
"Hempstead, NY, USA",40.7062128,-73.6187397
"Hempstead, NY, USA",40.7062128,-73.6187397
"Oil City, PA, USA",41.4339484,-79.7064413
"Austin, TX, USA",30.267153,-97.7430608
"Durham, NC, USA",35.9940329,-78.898619
"Conroe, TX, USA",30.3118769,-95.45605119999999
"Warr Acres, OK, USA",35.5225567,-97.6189304
"Evans, GA, USA",33.5337464,-82.1306747
"Schenectady, NY, USA",42.8142432,-73.9395687
"Weare, NH, USA",43.0948033,-71.7306313
"Coeur d'Alene, ID, USA",47.6776832,-116.7804664
"Springfield, MA, USA",42.1014831,-72.589811
"Springfield, VA, USA",38.7892801,-77.18720359999999
"The Dalles, OR 97058, USA",45.5945645,-121.1786823
"Winter Garden, FL, USA",28.5652787,-81.58618469999999
"Sharon Hill, PA, USA",39.9065017,-75.27157319999999
"Davenport, IA, USA",41.5236437,-90.5776367
"Arkadelphia, AR, USA",34.1209292,-93.0537839
"Santa Rosa, CA, USA",38.440429,-122.7140548
"Ames, IA, USA",42.034722,-93.61999999999999
"Prescott, AZ, USA",34.5400242,-112.4685025
"Thornton, CO, USA",39.8680412,-104.9719243
"New Orleans, LA, USA",29.95106579999999,-90.0715323
"North Las Vegas, NV, USA",36.1988592,-115.1175013
"Albuquerque, NM, USA",35.110703,-106.609991
"Glenwood Springs, CO 81601, USA",39.5505376,-107.3247762
"Seattle, WA, USA",47.6062095,-122.3320708
"Atlanta, GA, USA",33.7489954,-84.3879824
"Hawthorne, CA, USA",33.9164032,-118.3525748
"Chicago, IL, USA",41.8781136,-87.6297982
"Pasco, WA, USA",46.2395793,-119.1005657
"Philadelphia, PA, USA",39.9525839,-75.1652215
"Washington, DC, USA",38.9071923,-77.0368707
"Seattle, WA, USA",47.6062095,-122.3320708
"Fort Madison, IA, USA",40.6297634,-91.31453499999999
"Ventura, CA, USA",34.274646,-119.2290316
"New Orleans, LA, USA",29.95106579999999,-90.0715323
"Saint Louis, MO, USA",38.6270025,-90.19940419999999
"Orlando, FL, USA",28.5383355,-81.3792365
"Orlando, FL, USA",28.5383355,-81.3792365
"Carlsbad, NM 88220, USA",32.4206736,-104.2288375
"Vidalia, GA, USA",32.2176855,-82.4134614
"Chicago, IL, USA",41.8781136,-87.6297982
"Bedford County, VA, USA",37.2538794,-79.4703885
"Baltimore, MD, USA",39.3248208,-76.7567368
"Minneapolis, MN, USA",44.9761541,-93.2674306
"Baltimore, MD, USA",39.2903848,-76.6121893
"Tallahassee, FL, USA",30.4382559,-84.28073289999999
"Vista, CA, USA",33.2000368,-117.2425355
"Oxnard, CA, USA",34.1975048,-119.1770516
"Tallahassee, FL, USA",30.4382559,-84.28073289999999
"Harlem, New York, NY, USA",40.8115504,-73.9464769
"Oxnard, CA, USA",34.1975048,-119.1770516
"Batavia, IL, USA",41.8500284,-88.3125738
"Merced, CA, USA",37.3021632,-120.4829677
"Dayton, OH, USA",39.7589478,-84.1916069
"Las Vegas, NV, USA",36.1699412,-115.1398296
"Tallahassee, FL, USA",30.4382559,-84.28073289999999
"Oxnard, CA, USA",34.1975048,-119.1770516
"Austin, TX, USA",30.267153,-97.7430608
"Cumberland County, TN, USA",35.8994729,-85.02334599999999
"Tallahassee, FL, USA",30.4382559,-84.28073289999999
"Fort Worth, TX, USA",32.7554883,-97.3307658
"Chula Vista, CA, USA",32.6400541,-117.0841955
"Cheyenne, WY, USA",41.1399814,-104.8202462
"North Port, FL, USA",27.044224,-82.2359254
"Thomasville, NC, USA",35.8826369,-80.0819879
"Hollywood, Los Angeles, CA, USA",34.0928092,-118.3286614
"Kansas City, KS, USA",39.114053,-94.6274636
"Philadelphia, PA, USA",39.9525839,-75.1652215
"Dallas, TX, USA",32.7802618,-96.8009781
"Kalamazoo, MI, USA",42.2917069,-85.5872286
"Licking, MO 65542, USA",37.4994884,-91.8570984
"Danvers, MA, USA",42.5750009,-70.93212199999999
"San Antonio, TX, USA",29.4241219,-98.49362819999999
"San Antonio, TX, USA",29.4241219,-98.49362819999999
"Memphis, TN, USA",35.1495343,-90.0489801
"Windham, NH, USA",42.8006441,-71.30422899999999
"North Las Vegas, NV, USA",36.1988592,-115.1175013
"San Diego, CA, USA",32.715738,-117.1610838
"Las Vegas, NV, USA",36.1699412,-115.1398296
"Tomah, WI 54660, USA",43.9785759,-90.50402140000001
"Kansas City, MO, USA",39.0997265,-94.5785667
"Clinton, TN, USA",36.1034126,-84.1318632
"Chicago, IL, USA",41.8781136,-87.6297982
"San Diego, CA, USA",32.715738,-117.1610838
"Addison, IL, USA",41.931696,-87.9889556
"El Cajon, CA, USA",32.7947731,-116.9625269
"Riverside, CA, USA",33.9533487,-117.3961564
"Portland, OR, USA",45.5230622,-122.6764816
"Hendersonville, NC, USA",35.3187279,-82.4609528
"Las Cruces, NM, USA",32.3199396,-106.7636538
"Rumford, ME, USA",44.5536606,-70.55088289999999
"Helena, MT, USA",46.595805,-112.027031
"Chicago, IL, USA",41.8781136,-87.6297982
"Atlanta, GA, USA",33.7489954,-84.3879824
"Bedford Charter Township, MI, USA",42.3953169,-85.2322197
"Franklin, KY 42134, USA",36.722263,-86.57721769999999
"Fayetteville, NC, USA",35.0526641,-78.87835849999999
"Sherwood, AR, USA",34.8150907,-92.2243153
"Santa Rosa, CA, USA",38.440429,-122.7140548
"Los Angeles, CA, USA",34.0522342,-118.2436849
"Atlanta, GA, USA",33.7489954,-84.3879824
"Cedar Rapids, IA, USA",41.9778795,-91.6656232
"Norman, OK, USA",35.2225668,-97.4394777
"Jacksonville, FL, USA",30.3321838,-81.65565099999999
"Harlem, New York, NY, USA",40.8115504,-73.9464769
"Framingham, MA, USA",42.279286,-71.4161565
"Orlando, FL, USA",28.5383355,-81.3792365
"Eutawville, SC 29048, USA",33.3946078,-80.34731149999999
"Salinas, CA, USA",36.6777372,-121.6555013
"Saint Petersburg, FL, USA",27.773056,-82.64
"Tularosa, NM, USA",33.073973,-106.0186025
"Greenville, SC, USA",34.85261759999999,-82.3940104
"Miramar, FL, USA",25.9860762,-80.30356019999999
"Framingham, MA, USA",42.279286,-71.4161565
"Sleepy Hollow, IL, USA",42.0941923,-88.3025806
"McPherson Airport (MPR), 1000 Old U.S. 81, McPherson, KS 67460, USA",38.3550395,-97.68872759999999
"San Angelo, TX, USA",31.4637723,-100.4370375
"Crofton, MD, USA",39.0017772,-76.68746709999999
"Philadelphia, PA, USA",39.9525839,-75.1652215
"Pinole, CA, USA",38.0043667,-122.2988587
"Wenatchee, WA, USA",47.4234599,-120.3103494
"Columbus, GA, USA",32.4609764,-84.9877094
"Springfield, MA, USA",42.1014831,-72.589811
"Greencastle, IN, USA",39.6444898,-86.8647316
"Charlottesville, VA, USA",38.0293059,-78.47667810000002
"Saint Thomas, PA 17252, USA",39.9175908,-77.7977726
"New Orleans, LA, USA",29.95106579999999,-90.0715323
"New London, CT, USA",41.3556539,-72.0995209
"Waycross, GA, USA",31.2135511,-82.3540178
"New Orleans, LA, USA",29.95106579999999,-90.0715323
"Anniston, AL, USA",33.6598257,-85.8316318
"Greenland, NH, USA",43.0361995,-70.8328322
"San Antonio, TX, USA",29.4241219,-98.49362819999999
"Dorchester, Boston, MA, USA",42.30163049999999,-71.067605
"Baltimore, MD, USA",39.3248208,-76.7567368
"Tomah, WI 54660, USA",43.9785759,-90.50402140000001
"New Orleans, LA, USA",29.95106579999999,-90.0715323
"Deatsville, AL, USA",32.6081874,-86.3958071
"Baltimore, MD, USA",39.3248208,-76.7567368
"Silver Spring, MD, USA",38.99066570000001,-77.026088
"Jonesboro, AR, USA",35.84229670000001,-90.704279
"Ridgefield, CT, USA",41.28406349999999,-73.4975412
"New Orleans, LA, USA",29.95106579999999,-90.0715323
"West Valley City, UT, USA",40.6916132,-112.0010501
"Sterling, VA, USA",39.0066993,-77.4291298
"Columbus, OH, USA",39.9611755,-82.99879419999999
"New Orleans, LA, USA",29.95106579999999,-90.0715323
"Philadelphia, PA, USA",39.9525839,-75.1652215
"Laurelhurst, Portland, OR, USA",45.5262126,-122.6238899
"Las Vegas, NV, USA",36.1699412,-115.1398296
"Miami Beach, FL, USA",25.790654,-80.1300455
"Springfield, VA, USA",38.7892801,-77.18720359999999
"Miami Beach, FL, USA",25.790654,-80.1300455
"Miami Beach, FL, USA",25.790654,-80.1300455
"Modesto, CA, USA",37.63909719999999,-120.9968782
"Culpeper, VA 22701, USA",38.4729632,-77.9962512
"San Francisco, CA, USA",37.7749295,-122.4194155
"Miami Beach, FL, USA",25.790654,-80.1300455
"Santa Ana, CA, USA",33.7455731,-117.8678338
"West Palm Beach, FL, USA",26.7153424,-80.0533746
"Frederick, MD, USA",39.41426879999999,-77.4105409
"Greenville, NC, USA",35.612661,-77.3663538
"Claremont, CA, USA",34.0966764,-117.7197785
"West Palm Beach, FL, USA",26.7153424,-80.0533746
"Mobile, AL, USA",30.6953657,-88.0398912
"Cantril, IA 52542, USA",40.6441959,-92.06989899999999
"Pomona, CA, USA",34.055103,-117.7499909
"Reservation Road, Kanosh, UT 84637, USA",38.8194716,-112.4050762
"Vancouver, WA, USA",45.6387281,-122.6614861
"Columbia, SC, USA",34.0007104,-81.0348144
"Baltimore, MD, USA",39.2903848,-76.6121893
"Sunrise, FL, USA",26.1669711,-80.25659499999999
"Big Lake, Springfield Township, MI 48350, USA",42.7208449,-83.51901459999999
"Philadelphia, PA, USA",39.9525839,-75.1652215
"Dorchester, Boston, MA, USA",42.30163049999999,-71.067605
"Los Angeles, CA, USA",34.0522342,-118.2436849
"San Jose, CA, USA",37.3335957,-121.8907038
"Charlotte, NC, USA",35.2270869,-80.8431267
"Linden, NJ, USA",40.6220478,-74.24459019999999
"Brattleboro, VT, USA",42.8509152,-72.5578678
"Wasilla, AK 99654, USA",61.5813889,-149.4394444
"Upper Darby, PA, USA",39.957902,-75.3076883
"Vallejo, CA, USA",38.1040864,-122.2566367
"Cincinnati, OH, USA",39.1031182,-84.5120196
"Denton, TX, USA",33.2148412,-97.13306829999999
"Upper Darby, PA, USA",39.957902,-75.3076883
"Baltimore, MD, USA",39.3248208,-76.7567368
"West Palm Beach, FL, USA",26.7153424,-80.0533746
"Honolulu, HI, USA",21.3069444,-157.8583333
"Miramar, FL, USA",25.9860762,-80.30356019999999
"Belle Glade, FL, USA",26.6845104,-80.6675577
"Moreno Valley, CA, USA",33.9424658,-117.2296717
"Richmond, VA, USA",37.5407246,-77.4360481
"Tampa, FL, USA",27.950575,-82.4571776
"Pine Bluff, AR, USA",34.2284312,-92.00319549999999
"Springfield, VA, USA",38.7892801,-77.18720359999999
"Trumann, AR 72472, USA",35.6736895,-90.5073285
"Concord, NH, USA",43.2081366,-71.5375718
"Pueblo, CO, USA",38.2544472,-104.6091409
"Lynn, MA, USA",42.46676300000001,-70.9494938
"Tampa, FL, USA",27.950575,-82.4571776
"Baltimore, MD, USA",39.2903848,-76.6121893
"West Palm Beach, FL, USA",26.7153424,-80.0533746
"Yakima, WA, USA",46.6020711,-120.5058987
"Chicago, IL, USA",41.8781136,-87.6297982
"Amber, MI, USA",43.9521896,-86.34781509999999
"Cockeysville, MD, USA",39.4812172,-76.6438598
"Nogales, AZ, USA",31.3403775,-110.9342532
"Anaheim, CA, USA",33.8352932,-117.9145036
"Singer Island, Riviera Beach, FL 33404, USA",26.7850625,-80.03754080000002
"Mobile, AL, USA",30.6953657,-88.0398912
"Elkhart, IN, USA",41.6819935,-85.9766671
"Glen Burnie, MD, USA",39.1626084,-76.6246886
"Garden Grove, CA, USA",33.7739053,-117.9414477
"Asheville, NC, USA",35.5950581,-82.5514869
"Albuquerque, NM, USA",35.110703,-106.609991
"Portland, OR, USA",45.5230622,-122.6764816
"Tarrant County, TX, USA",32.7732044,-97.35165579999999
"Baltimore, MD, USA",39.2903848,-76.6121893
"Merced, CA, USA",37.3021632,-120.4829677
"Denton, TX, USA",33.2148412,-97.13306829999999
"Baltimore, MD, USA",39.2903848,-76.6121893
"Wapato, WA 98951, USA",46.4476278,-120.4203382
"Salt Lake City, UT, USA",40.7607793,-111.8910474
"Grantsville, UT 84029, USA",40.5999425,-112.4643988
"Portland, OR, USA",45.5230622,-122.6764816
"Baltimore, MD, USA",39.2903848,-76.6121893
"Albuquerque, NM, USA",35.110703,-106.609991
"College Park, GA, USA",33.6534427,-84.4493725
"Sacramento, CA, USA",38.5815719,-121.4943996
"Altavista, VA, USA",37.1118094,-79.285579
"Havre de Grace, MD, USA",39.5492792,-76.09161700000001
"Miramar, FL, USA",25.9860762,-80.30356019999999
"Everett, WA, USA",47.9789848,-122.2020794
"Los Angeles, CA, USA",34.0522342,-118.2436849
"Albuquerque, NM, USA",35.110703,-106.609991
"Miramar, FL, USA",25.9860762,-80.30356019999999
"Albuquerque, NM, USA",35.110703,-106.609991
"Las Vegas, NV, USA",36.1699412,-115.1398296
"Santa Barbara, CA, USA",34.4208305,-119.6981901
"Milwaukee, WI, USA",43.0389025,-87.9064736
"Centreville, MD 21617, USA",39.0417785,-76.06633339999999
"Franklin, KY 42134, USA",36.722263,-86.57721769999999
"Ogden, UT, USA",41.223,-111.9738304
"Oxnard, CA, USA",34.1975048,-119.1770516
"Dallas, TX, USA",32.7802618,-96.8009781
"Albuquerque, NM, USA",35.110703,-106.609991
"West Palm Beach, FL, USA",26.7153424,-80.0533746
"Indianapolis, IN, USA",39.768403,-86.158068
"Spokane, WA, USA",47.6587802,-117.4260466
"Mesa, AZ, USA",33.4151843,-111.8314724
"Española, NM, USA",35.9910383,-106.0818233
"Baltimore, MD, USA",39.2903848,-76.6121893
"Albuquerque, NM, USA",35.110703,-106.609991
"Houston, TX, USA",29.7604267,-95.3698028
"Santa Ana, CA, USA",33.7455731,-117.8678338
"Spokane, WA, USA",47.6587802,-117.4260466
"Indianapolis, IN, USA",39.768403,-86.158068
"Albuquerque, NM, USA",35.110703,-106.609991
"Orange, CA, USA",33.7877944,-117.8531119
"Veneta, OR 97487, USA",44.0487342,-123.3509294
"Miami, FL, USA",25.7616798,-80.1917902
"Baltimore, MD, USA",39.2903848,-76.6121893
"Atlanta, GA, USA",33.7489954,-84.3879824
"Falmouth, VA, USA",38.3240166,-77.4683177
"Daly City, CA, USA",37.6879241,-122.4702079
"Tampa, FL, USA",27.950575,-82.4571776
"Sun Valley, Los Angeles, CA, USA",34.2279298,-118.3812562
"San Jose, CA, USA",37.3335957,-121.8907038
"Baltimore, MD, USA",39.2903848,-76.6121893
"Duncanville, TX, USA",32.6518004,-96.9083366
"Moultrie, GA, USA",31.1799407,-83.7888387
"Marion, KY 42064, USA",37.3328286,-88.0811349
"New York, NY, USA",40.7127837,-74.0059413
"Mobile, AL, USA",30.6953657,-88.0398912
"Everett, MA, USA",42.40843,-71.0536625
"Pelham, NH, USA",42.7345339,-71.3245067
"Honolulu, HI, USA",21.3069444,-157.8583333
"Antioch, CA, USA",38.0049214,-121.805789
"Little Rock, AR, USA",34.7464809,-92.28959479999999
"Jacksonville, FL, USA",30.3321838,-81.65565099999999
"Little Rock, AR, USA",34.7464809,-92.28959479999999
"Allegheny, Philadelphia, PA 19140, USA",40.0036111,-75.1647222
"Chicago, IL, USA",41.8781136,-87.6297982
"Salem, NH, USA",42.78855530000001,-71.2008912
"Kendall, FL, USA",25.6660336,-80.357827
"Worcester, MA, USA",42.2625932,-71.8022934
"Kendall, FL, USA",25.6660336,-80.357827
"New York County, NY, USA",40.7830603,-73.9712488
"Oakland, CA, USA",37.8043637,-122.2711137
"Tacoma, WA, USA",47.2528768,-122.4442906
"Trinity County, CA, USA",40.6329485,-123.0622553
"Little Rock, AR, USA",34.7464809,-92.28959479999999
"San Antonio, TX, USA",29.4241219,-98.49362819999999
"Fortuna, CA, USA",40.5981867,-124.1572756
"Amarillo, TX, USA",35.2219971,-101.8312969
"Newark, NJ, USA",40.735657,-74.1723667
"Long Island, New York, USA",40.7891424,-73.13496049999999
"Newark, NJ, USA",40.735657,-74.1723667
"Metairie, LA, USA",29.9840922,-90.1528519
"Lynn, MA, USA",42.46676300000001,-70.9494938
"Aberdeen, MD, USA",39.5095556,-76.16411970000001
"Amarillo, TX, USA",35.2219971,-101.8312969
"Memphis, TN, USA",35.1495343,-90.0489801
"Los Angeles, CA, USA",34.0522342,-118.2436849
"Statesboro, GA, USA",32.4487876,-81.7831674
"North Hollywood, Los Angeles, CA, USA",34.187044,-118.3812562
"Sylmar, Los Angeles, CA, USA",34.3058279,-118.4571974
"Owings Mills, MD, USA",39.4195499,-76.7802528
"Weymouth, MA, USA",42.2180724,-70.94103559999999
"Springfield, MA, USA",42.1014831,-72.589811
"York, PA, USA",39.9625984,-76.727745
"Bowie, MD, USA",39.0067768,-76.77913649999999
"Brinkley, AR, USA",34.8878719,-91.19456880000001
"Baltimore, MD, USA",39.2903848,-76.6121893
"Affton, MO, USA",38.5506084,-90.3331719
"Frederick, MD, USA",39.41426879999999,-77.4105409
"Clearwater, FL, USA",27.9658533,-82.8001026
"Clover, SC 29710, USA",35.1112478,-81.2264646
"Las Vegas, NV, USA",36.1699412,-115.1398296
"Drummonds, TN 38023, USA",35.4634163,-89.9100859
"Freeport, TX, USA",28.9541368,-95.35966169999999
"Bakersfield, CA, USA",35.3732921,-119.0187125
"Quincy, MA, USA",42.2528772,-71.0022705
"Anaconda, MT, USA",46.1262998,-112.9478359
"Los Angeles, CA, USA",34.0522342,-118.2436849
"Los Angeles, CA, USA",34.0522342,-118.2436849
"Chicago, IL, USA",41.8781136,-87.6297982
"Baltimore, MD, USA",39.2903848,-76.6121893
"Manchester, NH, USA",42.9956397,-71.4547891
"Hutto, TX, USA",30.54269949999999,-97.5466702
"Asheville, NC, USA",35.5950581,-82.5514869
"Fort Collins, CO, USA",40.5852602,-105.084423
"Stockton, CA, USA",37.9577016,-121.2907796
"Havre de Grace, MD, USA",39.5492792,-76.09161700000001
"Chico, CA, USA",39.7284944,-121.8374777
"Lafayette, LA, USA",30.2240897,-92.0198427
"Thomasville, NC, USA",35.8826369,-80.0819879
"Philadelphia, PA, USA",39.9525839,-75.1652215
"Dalton, GA, USA",34.7698021,-84.9702228
"Cary, NC, USA",35.79154,-78.7811169
"Sioux Falls, SD, USA",43.5445959,-96.73110340000001
"Pearisburg, VA, USA",37.3265112,-80.7350711
"Inglewood, CA, USA",33.9616801,-118.3531311
"Milwaukee, WI, USA",43.0389025,-87.9064736
"Anderson, SC, USA",34.5034394,-82.6501332
"Austin, TX, USA",30.267153,-97.7430608
"Lake, OH, USA",40.9369884,-81.36194019999999
"Louisville, KY, USA",38.2526647,-85.7584557
"Portland, OR, USA",45.5230622,-122.6764816
"Los Angeles, CA, USA",34.0522342,-118.2436849
"Baltimore, MD, USA",39.2903848,-76.6121893
"Dearborn, MI, USA",42.3222599,-83.17631449999999
"Glen Burnie, MD, USA",39.1626084,-76.6246886
"Parkville, MD, USA",39.3773292,-76.5396875
"Baltimore, MD, USA",39.2903848,-76.6121893
"Baltimore, MD, USA",39.2903848,-76.6121893
"Baltimore, MD, USA",39.2903848,-76.6121893
"Van Nuys, Los Angeles, CA, USA",34.1898566,-118.451357
"Miami, FL, USA",25.7616798,-80.1917902
"Woodville, TX 75979, USA",30.7752011,-94.4154758
"Houston, TX, USA",29.7604267,-95.3698028
"Lititz, PA 17543, USA",40.1573169,-76.3069014
"Modesto, CA, USA",37.63909719999999,-120.9968782
"Guerneville, CA, USA",38.5018575,-122.9961102
"Anderson, SC, USA",34.5034394,-82.6501332
"Durham, NC, USA",35.9940329,-78.898619
"Mecklenburg, 9111 Iron Stone Court, Charlotte, NC 28227, USA",35.183718,-80.6926919
"Chicago, IL, USA",41.8781136,-87.6297982
"Bronx, NY, USA",40.8447819,-73.8648268
"Pacific Beach, San Diego, CA, USA",32.8024577,-117.2355851
"Oakland, CA, USA",37.8043637,-122.2711137
"Richmond, CA, USA",37.9357576,-122.3477486
"Boyle Heights, Los Angeles, CA, USA",34.0297895,-118.2117257
"Riverside, CA, USA",33.9533487,-117.3961564
"Yakima, WA, USA",46.6020711,-120.5058987
"Modesto, CA, USA",37.63909719999999,-120.9968782
"Davenport, IA, USA",41.5236437,-90.5776367
"Chicago, IL, USA",41.8781136,-87.6297982
"Broomfield, CO, USA",39.9205411,-105.0866504
"Columbia, TN, USA",35.6150716,-87.0352831
"Los Angeles, CA, USA",34.0522342,-118.2436849
"Longview, TX, USA",32.5007037,-94.74048909999999
"Los Angeles, CA, USA",34.0522342,-118.2436849
"Longview, TX, USA",32.5007037,-94.74048909999999
"San Bernardino, CA, USA",34.1083449,-117.2897652
"Hialeah, FL, USA",25.8575963,-80.2781057
"Pell City, AL, USA",33.5862149,-86.2860888
"Cleveland, OH, USA",41.49932,-81.6943605
"Hialeah, FL, USA",25.8575963,-80.2781057
"Columbia, MD, USA",39.2037144,-76.86104619999999
"Riverside, CA, USA",33.9533487,-117.3961564
"Wilmington, NC, USA",34.2257255,-77.9447102
"Lumberland, NY, USA",41.4781684,-74.8039205
"Centralia, WA, USA",46.7162136,-122.9542972
"Oak View, CA, USA",34.399996,-119.3001134
"Fairview, OR, USA",45.5384529,-122.4339803
"Fort Wayne, IN, USA",41.079273,-85.1393513
"Roanoke, VA, USA",37.2709704,-79.9414266
"San Antonio, TX, USA",29.4241219,-98.49362819999999
"Elizabeth, NJ, USA",40.6639916,-74.2107006
"Harriman, TN, USA",35.9339638,-84.5524358
"Centralia, WA, USA",46.7162136,-122.9542972
"Santa Maria, CA, USA",34.9530337,-120.4357191
"Fort Wayne, IN, USA",41.079273,-85.1393513
"Oklahoma City, OK, USA",35.4675602,-97.5164276
"Orlando, FL, USA",28.5383355,-81.3792365
"Dallas, TX, USA",32.7802618,-96.8009781
"Cedar Falls, IA, USA",42.5348993,-92.4453161
"Reno, NV, USA",39.5296329,-119.8138027
"Saginaw, MI, USA",43.4194699,-83.9508068
"Saginaw, MI, USA",43.4194699,-83.9508068
"Enon, OH, USA",39.8781151,-83.9368765
"Saginaw, MI, USA",43.4194699,-83.9508068
"San Francisco, CA, USA",37.7749295,-122.4194155
"Fort Lauderdale, FL, USA",26.1224386,-80.13731740000001
"Des Moines, IA, USA",41.6005448,-93.6091064
"U C Davis, 4635 2nd Avenue #3001, Sacramento, CA 95817, USA",38.551559,-121.452715
"Chicago, IL, USA",41.8781136,-87.6297982
"Muskogee, OK, USA",35.7478769,-95.3696909
"Winston-Salem, NC, USA",36.09985959999999,-80.244216
"Coeur d'Alene, ID, USA",47.6776832,-116.7804664
"Eloy, AZ, USA",32.7558962,-111.554844
"Kansas City, MO, USA",39.0997265,-94.5785667
"Mount Morris Township, MI, USA",43.1005686,-83.7411631
"Fort Collins, CO, USA",40.5852602,-105.084423
"Fayetteville, NC, USA",35.0526641,-78.87835849999999
"Farrell, PA, USA",41.2122784,-80.4967367
"Pavillion, WY 82523, USA",43.2446803,-108.6901165
"Dothan, AL, USA",31.2232313,-85.3904888
"Prairie View, TX, USA",30.0932737,-95.9877339
"Orlando, FL, USA",28.5383355,-81.3792365
"Prairie View, TX, USA",30.0932737,-95.9877339
"North Miami Beach, FL, USA",25.9331488,-80.1625463
"Spokane, WA, USA",47.6587802,-117.4260466
"Perry, FL, USA",30.1174351,-83.5818147
"San Diego, CA, USA",32.715738,-117.1610838
"Miami, FL, USA",25.7616798,-80.1917902
"Miami, FL, USA",25.7616798,-80.1917902
"Taylorsville, UT, USA",40.66772479999999,-111.9388258
"Tacoma, WA, USA",47.2528768,-122.4442906
"Spanaway, WA, USA",47.103988,-122.4345661
"Myrtle Creek, OR 97457, USA",43.0201173,-123.2931205
"Cleveland, OH, USA",41.49932,-81.6943605
"Buford, GA, USA",34.1206564,-84.0043513
"Cody, WY 82414, USA",44.52634219999999,-109.0565308
"Houston, TX, USA",29.7604267,-95.3698028
"Olney, Philadelphia, PA, USA",40.039606,-75.1253492
"Norton Shores, MI, USA",43.1689044,-86.26394610000001
"Los Angeles, CA, USA",34.0522342,-118.2436849
"Rancho Santa Margarita, CA, USA",33.640855,-117.603104
"North Miami Beach, FL, USA",25.9331488,-80.1625463
"San Clemente, CA, USA",33.4269728,-117.6119925
"Spring Grove, PA 17362, USA",39.8745436,-76.8658078
"San Francisco, CA, USA",37.7749295,-122.4194155
"Anaheim Hills, Anaheim, CA, USA",33.8508021,-117.7490656
"Denver, CO, USA",39.7384357,-104.9848593
"Paramount, CA, USA",33.8894598,-118.1597911
"Cody, WY 82414, USA",44.52634219999999,-109.0565308
"Stockton, CA, USA",37.9577016,-121.2907796
"Columbia, SC, USA",34.0007104,-81.0348144
"Miami Beach, FL, USA",25.790654,-80.1300455
"Knoxville, TN, USA",35.9606384,-83.9207392
"Atlanta, GA, USA",33.7489954,-84.3879824
"Saint Louis, MO, USA",38.6270025,-90.19940419999999
"Dallas, TX, USA",32.7802618,-96.8009781
"Asheville, NC, USA",35.5950581,-82.5514869
"Kailua-Kona, HI, USA",19.639994,-155.9969261
"Las Vegas, NV, USA",36.1699412,-115.1398296
"Honolulu, HI, USA",21.3069444,-157.8583333
"Phoenix, AZ, USA",33.4483771,-112.0740373
"Honolulu, HI, USA",21.3069444,-157.8583333
"Kauai, Hawaii, USA",22.0964396,-159.5261238
"Newark, NJ, USA",40.735657,-74.1723667
"Allentown, PA, USA",40.6084305,-75.4901833
"Myrtle Creek, OR 97457, USA",43.0201173,-123.2931205
"SeaTac, WA, USA",47.4435903,-122.2960726
"Long Beach, CA, USA",33.7700504,-118.1937395
"Portland, OR, USA",45.5230622,-122.6764816
"Delhi, CA, USA",37.4321589,-120.7785354
"Irondale, AL, USA",33.5381601,-86.70721019999999
"Glendale, AZ, USA",33.5386523,-112.1859866
"Chicago, IL, USA",41.8781136,-87.6297982
"Pleasantville, NJ, USA",39.3898388,-74.5240422
"Portland, OR, USA",45.5230622,-122.6764816
"Pasadena, Pasadena, CA 91101, USA",34.143079,-118.141295
"Copperfield Drive, Houston, TX 77031, USA",29.6419933,-95.55198569999999
"Orlando, FL, USA",28.5383355,-81.3792365
"Aurora, CO, USA",39.7294319,-104.8319195
"Belle Isle, FL, USA",28.4583383,-81.3592364
"Little Rock, AR, USA",34.7464809,-92.28959479999999
"Las Vegas, NV, USA",36.1699412,-115.1398296
"Orlando, FL, USA",28.5383355,-81.3792365
"Oakdale, MN, USA",44.9630216,-92.9649361
"Columbus, GA, USA",32.4609764,-84.9877094
"San Jose, CA, USA",37.3335957,-121.8907038
"San Antonio, TX, USA",29.4241219,-98.49362819999999
"Miami, FL, USA",25.7616798,-80.1917902
"Miami, FL, USA",25.7616798,-80.1917902
"Columbia, SC, USA",34.0007104,-81.0348144
"Houston, TX, USA",29.7604267,-95.3698028
"Albuquerque, NM, USA",35.110703,-106.609991
"Custer, SD 57730, USA",43.7666507,-103.5988057
"Los Angeles, CA, USA",34.0522342,-118.2436849
"Las Vegas, NV, USA",36.1699412,-115.1398296
"Cleveland, OH, USA",41.49932,-81.6943605
"Houston, TX, USA",29.7604267,-95.3698028
"Gary, IN, USA",41.5933696,-87.3464271
"Sacramento, CA, USA",38.5815719,-121.4943996
"Houston, TX, USA",29.7604267,-95.3698028
"Lubbock, TX, USA",33.5778631,-101.8551665
"Los Angeles, CA, USA",34.0522342,-118.2436849
"Norfolk, VA, USA",36.8507689,-76.28587259999999
"Houston, TX, USA",29.7604267,-95.3698028
"Prescott Valley, AZ, USA",34.6100243,-112.315721
"Atlanta, GA, USA",33.7489954,-84.3879824
"Pasadena, MD, USA",39.1073317,-76.57107529999999
"Belleville, NJ, USA",40.7936744,-74.15004689999999
"Chicago, IL, USA",41.8781136,-87.6297982
"Long Beach, CA, USA",33.7700504,-118.1937395
"Hendersonville, TN, USA",36.3047735,-86.6199957
"Bakersfield, CA, USA",35.3732921,-119.0187125
"Yakima, WA, USA",46.6020711,-120.5058987
"El Chico Circle, Rancho Cordova, CA 95670, USA",38.5920239,-121.3162138
"Monterey Park, CA, USA",34.0625106,-118.1228476
"Austin, TX, USA",30.267153,-97.7430608
"Sewickley, PA 15143, USA",40.5364846,-80.1844243
"Saint Louis, MO, USA",38.6270025,-90.19940419999999
"Mesa, AZ, USA",33.4151843,-111.8314724
"Pooler, GA, USA",32.115481,-81.2470574
"Michigan City, IN, USA",41.70753939999999,-86.8950297
"Knoxville, TN, USA",35.9606384,-83.9207392
"Boiling Spring Lakes, NC, USA",34.0304501,-78.0672141
"Saginaw, MI, USA",43.4194699,-83.9508068
"Winslow Township, NJ, USA",39.6573556,-74.8623203
"Plymouth Township, MI, USA",42.3735328,-83.5090381
"Red Lodge, MT, USA",45.1857782,-109.2468211
"Pittsfield Charter Township, MI, USA",42.2103174,-83.7241068
"Downey, CA, USA",33.9401088,-118.1331593
"Augusta, GA, USA",33.4734978,-82.0105148
"Olathe, KS, USA",38.8813958,-94.81912849999999
"Kansas City, MO, USA",39.0997265,-94.5785667
"Hollywood, FL, USA",26.0112014,-80.1494901
"Miami, FL, USA",25.7616798,-80.1917902
"Port Orchard, WA, USA",47.5403732,-122.6362492
"City Terrace, CA 90063, USA",34.05,-118.181944
"Alpine, CA, USA",32.8350521,-116.7664109
"Oakland, CA, USA",37.8043637,-122.2711137
"El Cajon, CA, USA",32.7947731,-116.9625269
"Bellingham, WA, USA",48.74908,-122.4781473
"Des Moines, IA, USA",41.6005448,-93.6091064
"Longview, TX, USA",32.5007037,-94.74048909999999
"Boyle Heights, Los Angeles, CA, USA",34.0297895,-118.2117257
"San Mateo, CA, USA",37.5629917,-122.3255254
"Chicago, IL, USA",41.8781136,-87.6297982
"Tucson, AZ, USA",32.2217429,-110.926479
"Clay, KY 42404, USA",37.4767119,-87.8200159
"Albany, TX, USA",32.723452,-99.29730049999999
"Las Vegas, NV, USA",36.1699412,-115.1398296
"Las Vegas, NV, USA",36.1699412,-115.1398296
"Las Vegas, NV, USA",36.1699412,-115.1398296
"LaPlace, LA, USA",30.0665907,-90.4800848
"Tarrant County, TX, USA",32.7732044,-97.35165579999999
"Kalamazoo, MI, USA",42.2917069,-85.5872286
"Fayetteville, NC, USA",35.0526641,-78.87835849999999
"Alto, TX 75925, USA",31.6504546,-95.0727175
"Detroit, MI, USA",42.331427,-83.0457538
"Keizer, OR, USA",44.9901194,-123.0262077
"Chicago, IL, USA",41.8781136,-87.6297982
"Farmington, NM, USA",36.72805830000001,-108.2186856
"Tucson, AZ, USA",32.2217429,-110.926479
"Jacksonville, FL, USA",30.3321838,-81.65565099999999
"Fairview, OR, USA",45.5384529,-122.4339803
"Santa Maria, CA, USA",34.9530337,-120.4357191
"Scottsdale, AZ, USA",33.4941704,-111.9260519
"Framingham, MA, USA",42.279286,-71.4161565
"South Pasadena, CA, USA",34.1161196,-118.1503488
"Issaquah, WA, USA",47.5301011,-122.0326191
"Reseda, Los Angeles, CA, USA",34.2011141,-118.5360517
"Anaheim, CA, USA",33.8352932,-117.9145036
"Columbus, OH, USA",39.9611755,-82.99879419999999
"Lockport, KY 40036, USA",38.435901,-84.9671733
"West Philadelphia, Philadelphia, PA, USA",39.9757092,-75.2128996
"Phoenix, AZ, USA",33.4483771,-112.0740373
"Hemlock, PA, USA",41.0156933,-76.514138
"Waretown, Ocean Township, NJ 08758, USA",39.7915084,-74.1951395
"South Los Angeles, Los Angeles, CA, USA",33.9891116,-118.2914872
"Clinton, MD, USA",38.7651145,-76.8983059
"Miami, FL, USA",25.7616798,-80.1917902
"Pine Bluff, AR, USA",34.2284312,-92.00319549999999
"Oklahoma County, OK, USA",35.6038323,-97.35165579999999
"Spokane, WA, USA",47.6587802,-117.4260466
"Austin, TX, USA",30.267153,-97.7430608
"San Francisco, CA, USA",37.7749295,-122.4194155
"San Jose, CA, USA",37.3335957,-121.8907038
"Kelso, WA, USA",46.146779,-122.9084445
"Alpine, CA, USA",32.8350521,-116.7664109
"Yucaipa, CA, USA",34.033625,-117.0430865
"Clairemont, San Diego, CA, USA",32.8239594,-117.1848787
"Union City, CA, USA",37.5933918,-122.0438298
"Hayward, CA, USA",37.6688205,-122.0807964
"Garfield, NJ, USA",40.8814882,-74.113198
"Aurora, CO, USA",39.7294319,-104.8319195
"Roselle, NJ, USA",40.6527292,-74.2592769
"Pueblo, CO, USA",38.2544472,-104.6091409
"Gwinnett County Airport (LZU), 600 Briscoe Blvd, Lawrenceville, GA 30046, USA",33.9779493,-83.9567685
"North Las Vegas, NV, USA",36.1988592,-115.1175013
"Fresno, CA, USA",36.7468422,-119.7725868
"Las Vegas, NV, USA",36.1699412,-115.1398296
"San Diego, CA, USA",32.715738,-117.1610838
"Fort Lauderdale, FL, USA",26.1224386,-80.13731740000001
"San Bernardino, CA, USA",34.1083449,-117.2897652
"Huntington, WV, USA",38.4192496,-82.44515400000002
"Castro Valley, CA, USA",37.6940973,-122.0863522
"Conway, AR, USA",35.0886963,-92.4421011
"District Heights, MD 20747, USA",38.8576128,-76.8894171
"Concord, NC, USA",35.4087517,-80.579511
"Colorado Springs, CO, USA",38.8338816,-104.8213634
"Miami, FL, USA",25.7616798,-80.1917902
"Southfield, MI, USA",42.4733688,-83.2218731
"Colorado Springs, CO, USA",38.8338816,-104.8213634
"Portland, OR, USA",45.5230622,-122.6764816
"El Paso, TX, USA",31.7775757,-106.4424559
"Hearne, TX 77859, USA",30.8785238,-96.59302579999999
"Houston, TX, USA",29.7604267,-95.3698028
"Greenville, SC, USA",34.85261759999999,-82.3940104
"Milwaukee, WI, USA",43.0389025,-87.9064736
"Cleveland, OH, USA",41.49932,-81.6943605
"Cleveland, OH, USA",41.49932,-81.6943605
"York, PA, USA",39.9625984,-76.727745
"San Antonio, TX, USA",29.4241219,-98.49362819999999
"Council Bluffs, IA, USA",41.2619444,-95.8608333
"San Antonio, TX, USA",29.4241219,-98.49362819999999
"Bridgeport, CT, USA",41.1865478,-73.19517669999999
"Faulkner Drive, Clarksville, TN 37042, USA",36.6062099,-87.4174508
"Mesa, AZ, USA",33.4151843,-111.8314724
"Tarrant County, TX, USA",32.7732044,-97.35165579999999
"Baton Rouge, LA, USA",30.4582829,-91.1403196
"Knoxville, TN, USA",35.9606384,-83.9207392
"Canastota, NY 13032, USA",43.0795121,-75.7507413
"Orlando, FL, USA",28.5383355,-81.3792365
"Atlanta, GA, USA",33.7489954,-84.3879824
"Monterey Park, CA, USA",34.0625106,-118.1228476
"Jacksonville, FL, USA",30.3321838,-81.65565099999999
"Garfield, NJ, USA",40.8814882,-74.113198
"Bridgeton, NJ, USA",39.427337,-75.2340768
"Independence, MO, USA",39.0911161,-94.41550679999999
"Sharon Hill, PA, USA",39.9065017,-75.27157319999999
"Los Angeles, CA, USA",34.0522342,-118.2436849
"Modesto, CA, USA",37.63909719999999,-120.9968782
"Parkersburg, WV, USA",39.2667418,-81.56151349999999
"Jacksonville, FL, USA",30.3321838,-81.65565099999999
"Westminster, CA, USA",33.7513419,-117.9939921
"Westminster, CA, USA",33.7513419,-117.9939921
"Columbus, OH, USA",39.9611755,-82.99879419999999
"Bronx, NY, USA",40.8447819,-73.8648268
"Mesa, AZ, USA",33.4151843,-111.8314724
"Chicago, IL, USA",41.8781136,-87.6297982
"Camden, NJ, USA",39.9259463,-75.1196199
"Solon, OH, USA",41.3897764,-81.44122589999999
"Los Angeles, CA, USA",34.0522342,-118.2436849
"San Bernardino, CA, USA",34.1083449,-117.2897652
"Utah, USA",39.3209801,-111.0937311
"Stoneham, MA, USA",42.4802469,-71.0999719
"Albemarle, NC, USA",35.3501426,-80.2000578
"Madison, WI, USA",43.0730517,-89.4012302
"Albuquerque, NM, USA",35.110703,-106.609991
"Florence, Florence-Graham, CA 90001, USA",33.9744592,-118.2481287
"Madison, WI, USA",43.0730517,-89.4012302
"Fresno, CA, USA",36.7468422,-119.7725868
"Albuquerque, NM, USA",35.110703,-106.609991
"Jasper, TN, USA",35.0742448,-85.6260789
"Redding, CA, USA",40.5865396,-122.3916754
"Los Angeles, CA, USA",34.0522342,-118.2436849
"Pennsylvania, USA",41.2033216,-77.1945247
"Jacksonville, FL, USA",30.3321838,-81.65565099999999
"Brush Valley, PA, USA",40.53805680000001,-79.0419053
"Tucson, AZ, USA",32.2217429,-110.926479
"Philadelphia, PA, USA",39.9525839,-75.1652215
"Los Angeles, CA, USA",34.0522342,-118.2436849
"Huntsville, AL, USA",34.7303688,-86.5861037
"East West Hwy & PG Plaza, Hyattsville, MD 20782, USA",38.966721,-76.95794
"Los Angeles, CA, USA",34.0522342,-118.2436849
"North Philadelphia, Philadelphia, PA, USA",40.0067623,-75.14286320000001
"Hollywood, FL, USA",26.0112014,-80.1494901
"Philadelphia, PA, USA",39.9525839,-75.1652215
"Kendall, FL, USA",25.6660336,-80.357827
"Hallandale Beach, FL, USA",25.9812024,-80.14837899999999
"Sparta, NC 28675, USA",36.5054071,-81.12091889999999
"Las Vegas, NV, USA",36.1699412,-115.1398296
"Bronx, NY, USA",40.8447819,-73.8648268
"Los Angeles, CA, USA",34.0522342,-118.2436849
"Philadelphia, PA, USA",39.9525839,-75.1652215
"Torrance, CA, USA",33.8358492,-118.3406288
"Los Lunas, NM, USA",34.806166,-106.7333599
"Leawood, KS, USA",38.966673,-94.6169012
"Oxnard, CA, USA",34.1975048,-119.1770516
"Garden Grove, CA, USA",33.7739053,-117.9414477
"Amarillo, TX, USA",35.2219971,-101.8312969
"Amarillo, TX, USA",35.2219971,-101.8312969
"South Los Angeles, Los Angeles, CA, USA",33.9891116,-118.2914872
"Marin City, CA 94965, USA",37.868538,-122.5091404
"New York County, NY, USA",40.7830603,-73.9712488
"Tolleson, AZ, USA",33.4500425,-112.259321
"Kansas City, KS, USA",39.114053,-94.6274636
"Oxnard, CA, USA",34.1975048,-119.1770516
"Stockton, CA, USA",37.9577016,-121.2907796
"Albuquerque, NM, USA",35.110703,-106.609991
"Interstate 95, United States",37.9792925,-77.4925657
"Port Orchard, WA, USA",47.5403732,-122.6362492
"Mont Vernon, NH, USA",42.8945294,-71.6742393
"Bensalem, PA, USA",40.1125548,-74.94351379999999
"New Canaan, CT, USA",41.146763,-73.4948445
"Flint, MI, USA",43.0125274,-83.6874562
"Fontana, CA, USA",34.0922335,-117.435048
"Manchester, NH, USA",42.9956397,-71.4547891
"Hillsboro, OR, USA",45.5228939,-122.989827
"Olathe, KS, USA",38.8813958,-94.81912849999999
"Seat Pleasant, MD, USA",38.8962231,-76.9066399
"Conroe, TX, USA",30.3118769,-95.45605119999999
"Lyman, ME, USA",43.5050963,-70.6379682
"Kennebunk, ME, USA",43.3845306,-70.54399
"Goshen, IN, USA",41.5822716,-85.8344383
"Rumford, ME, USA",44.5536606,-70.55088289999999
"Wilkes-Barre, PA, USA",41.2459149,-75.88130749999999
"Lakewood, WA, USA",47.1717649,-122.518458
"Portland, ME, USA",43.66147100000001,-70.2553259
"Show Low, AZ, USA",34.2542084,-110.0298327
"North Charleston, SC, USA",32.8546197,-79.9748103
"Fayetteville, NC, USA",35.0526641,-78.87835849999999
"Las Vegas, NV, USA",36.1699412,-115.1398296
"Belfast, ME, USA",44.4259092,-69.0064234
"Castella, CA 96017, USA",41.13848540000001,-122.3177877
"Burnham, IL, USA",41.638924,-87.55671079999999
"Kennebec Drive, Lebanon, ME 04027, USA",43.3833942,-70.9817697
"Downey, CA, USA",33.9401088,-118.1331593
"Oakland, Tacoma, WA 98409, USA",47.23120979999999,-122.4892912
"Concord, NH, USA",43.2081366,-71.5375718
"Tamarac, FL, USA",26.2128609,-80.2497707
"Chattanooga, TN, USA",35.0456297,-85.3096801
"Phoenix, AZ, USA",33.4483771,-112.0740373
"Floresville, TX 78114, USA",29.1335781,-98.15611919999999
"Vancouver, WA, USA",45.6387281,-122.6614861
"Richland Airport (RLD), Richland, WA 99354, USA",46.305634,-119.304184
"Phoenix, AZ, USA",33.4483771,-112.0740373
"Waimea Valley, 59-864 Kamehameha Highway, Haleiwa, HI 96712, USA",21.6360052,-158.0542328
"Nassau County, NY, USA",40.6546145,-73.55941279999999
"Los Angeles, CA, USA",34.0522342,-118.2436849
"Strongsville, OH, USA",41.3144966,-81.83569
"South Houston, TX, USA",29.663008,-95.2354902
"Dallas, TX, USA",32.7802618,-96.8009781
"Iowa City, IA, USA",41.6611277,-91.5301683
"Merced, CA, USA",37.3021632,-120.4829677
"Merced, CA, USA",37.3021632,-120.4829677
"Miami, FL, USA",25.7616798,-80.1917902
"Las Vegas, NV, USA",36.1699412,-115.1398296
"Baytown, TX, USA",29.7355047,-94.97742740000001
"Baltimore, MD, USA",39.3248208,-76.7567368
"Headland, AL, USA",31.351284,-85.3421559
"Baltimore, MD, USA",39.3248208,-76.7567368
"Miami, FL, USA",25.7616798,-80.1917902
"Gary, IN, USA",41.5933696,-87.3464271
"Paterson, NJ, USA",40.9167654,-74.17181099999999
"Kansas City, MO, USA",39.0997265,-94.5785667
"New Brunswick, NJ, USA",40.4862157,-74.4518188
"Van Nuys, Los Angeles, CA, USA",34.1898566,-118.451357
"Jacksonville, FL, USA",30.3321838,-81.65565099999999
"Millcreek, UT, USA",40.6868914,-111.8754907
"Los Angeles, CA, USA",34.0522342,-118.2436849
"San Bernardino, CA, USA",34.1083449,-117.2897652
"Portland, OR, USA",45.5230622,-122.6764816
"Brooklyn, NY, USA",40.6781784,-73.9441579
"Bowie, TX 76230, USA",33.5589953,-97.84864569999999
"Township of Washington, NJ, USA",40.9912886,-74.0597897
"Bronx, NY, USA",40.8447819,-73.8648268
"Norfolk, VA, USA",36.8507689,-76.28587259999999
"San Antonio, TX, USA",29.4241219,-98.49362819999999
"San Antonio, TX, USA",29.4241219,-98.49362819999999
"Miami-Dade County, FL, USA",25.5516034,-80.6326916
"Brandon, MS, USA",32.2732024,-89.9859158
"Louisville, KY, USA",38.2526647,-85.7584557
"Saint Petersburg, FL, USA",27.773056,-82.64
"Chattanooga, TN, USA",35.0456297,-85.3096801
"Tulsa, OK, USA",36.1539816,-95.99277500000001
"Richfield, MN, USA",44.8832982,-93.28300209999999
"Conroe, TX, USA",30.3118769,-95.45605119999999
"Bay Point, CA, USA",38.0290872,-121.9616274
"Spokane, WA, USA",47.6587802,-117.4260466
"Boston, MA, USA",42.3584865,-71.060097
"La Mirada, CA, USA",33.9172357,-118.0120086
"Bothell, WA, USA",47.7623204,-122.2054035
"New Orleans, LA, USA",29.95106579999999,-90.0715323
"Rock Hall, MD 21661, USA",39.1381658,-76.23495369999999
"Opelika, AL, USA",32.6454116,-85.3782795
"Saint Louis, MO, USA",38.6270025,-90.19940419999999
"Eufaula, AL, USA",31.8912717,-85.1454876
"Buena Park, CA, USA",33.8675143,-117.9981181
"Houston, TX, USA",29.7604267,-95.3698028
"Oklahoma County, OK, USA",35.6038323,-97.35165579999999
"Litchfield, NH, USA",42.84425359999999,-71.4797889
"Highland Park, MI, USA",42.4055925,-83.096868
"Dover-Foxcroft, ME, USA",45.1833421,-69.22708209999999
"San Antonio, TX, USA",29.4241219,-98.49362819999999
"Houston, TX, USA",29.7604267,-95.3698028
"Saint Louis, MO, USA",38.6270025,-90.19940419999999
"Des Moines, IA, USA",41.6005448,-93.6091064
"Chandler, AZ, USA",33.3061605,-111.8412502
"Fresno, CA, USA",36.7468422,-119.7725868
"Atlanta, GA, USA",33.7489954,-84.3879824
"Fort Collins, CO, USA",40.5852602,-105.084423
"Tacoma, WA, USA",47.2528768,-122.4442906
"Alexandria, VA, USA",38.8048355,-77.0469214
"Shreveport, LA, USA",32.5251516,-93.7501789
"Rancho Cordova, CA, USA",38.5890723,-121.302728
"Los Angeles, CA, USA",34.0522342,-118.2436849
"Marietta, GA, USA",33.95260200000001,-84.5499327
"East Point, GA, USA",33.6795531,-84.43937240000001
"Sacramento, CA, USA",38.5815719,-121.4943996
"Portland, OR, USA",45.5230622,-122.6764816
"Norwich, CT, USA",41.5242649,-72.07591049999999
"Columbia, SC, USA",34.0007104,-81.0348144
"North Hollywood, Los Angeles, CA, USA",34.187044,-118.3812562
"Omao, Koloa, HI 96756, USA",21.925534,-159.4875264
"Los Angeles, CA, USA",34.0522342,-118.2436849
"Poulsbo, WA 98370, USA",47.735928,-122.6465372
"Stockton, CA, USA",37.9577016,-121.2907796
"Miami, FL, USA",25.7616798,-80.1917902
"Anderson, CA, USA",40.448208,-122.2977815
"Tampa, FL, USA",27.950575,-82.4571776
"Poulsbo, WA 98370, USA",47.735928,-122.6465372
"Brighton, CO, USA",39.9852617,-104.8205283
"Brighton, CO, USA",39.9852617,-104.8205283
"Chicago, IL, USA",41.8781136,-87.6297982
"Poulsbo, WA 98370, USA",47.735928,-122.6465372
"Roselle, NJ, USA",40.6527292,-74.2592769
"Roselle, NJ, USA",40.6527292,-74.2592769
"Midland, TX, USA",31.9973456,-102.0779146
"Pompano Beach, FL, USA",26.2378597,-80.1247667
"Cleveland, OH, USA",41.49932,-81.6943605
"East Haven, CT, USA",41.2841687,-72.8684565
"Seattle, WA, USA",47.6062095,-122.3320708
"El Cajon, CA, USA",32.7947731,-116.9625269
"Beaufort, SC, USA",32.4315813,-80.6698286
"Beaufort, SC, USA",32.4315813,-80.6698286
"Tampa, FL, USA",27.950575,-82.4571776
"El Cajon, CA, USA",32.7947731,-116.9625269
"Vacaville, CA, USA",38.3565773,-121.9877444
"Chicago, IL, USA",41.8781136,-87.6297982
"Corpus Christi, TX, USA",27.8005828,-97.39638099999999
"Dallas, TX, USA",32.7802618,-96.8009781
"Newark, NJ, USA",40.735657,-74.1723667
"Riverside, CA, USA",33.9533487,-117.3961564
"Morrow, GA, USA",33.5831662,-84.33936829999999
"Philadelphia, PA, USA",39.9525839,-75.1652215
"Fontana, CA, USA",34.0922335,-117.435048
"Chicago, IL, USA",41.8781136,-87.6297982
"Memphis, TN, USA",35.1495343,-90.0489801
"Marietta, GA, USA",33.95260200000001,-84.5499327
"Alexandria, LA, USA",31.3112936,-92.4451371
"Georgetown, DE 19947, USA",38.6901134,-75.38547280000002
"Boynton Beach, FL, USA",26.5317866,-80.0905465
"Milwaukee, WI, USA",43.0389025,-87.9064736
"North Fort Myers, FL, USA",26.6672935,-81.8800861
"Portland Way, Auburn, ME 04210, USA",44.021648,-70.2832225
"Rumford, ME, USA",44.5536606,-70.55088289999999
"Dover-Foxcroft, ME, USA",45.1833421,-69.22708209999999
"Portland, ME, USA",43.66147100000001,-70.2553259
"Jackman, ME 04945, USA",45.6240392,-70.2521512
"Hermon, ME, USA",44.81007,-68.9133724
"Edinburg, ME, USA",45.1764474,-68.6903078
"Hamilton Pond, Bar Harbor, ME 04609, USA",44.4278155,-68.2892212
"West Paris, ME, USA",44.3243357,-70.5736688
"Hampden, ME, USA",44.7445421,-68.8370436
"Calais, ME, USA",45.1889633,-67.27860380000001
"Grindstone, ME 04460, USA",45.7361621,-68.5866987
"Old Town, ME, USA",44.9342349,-68.6453092
"Hollis, ME, USA",43.6346754,-70.62089739999999
"Searsmont, ME, USA",44.3617419,-69.1950411
"Rumford, ME, USA",44.5536606,-70.55088289999999
"Windham, ME, USA",43.810556,-70.416944
"Sunrise, FL, USA",26.1669711,-80.25659499999999
"Colonial Heights, VA, USA",37.244039,-77.4102607
"Galloway, NJ, USA",39.4928235,-74.5596879
"Pomona, CA, USA",34.055103,-117.7499909
"District Heights, MD 20747, USA",38.8576128,-76.8894171
"District Heights, MD 20747, USA",38.8576128,-76.8894171
"Camden, NJ, USA",39.9259463,-75.1196199
"Camden, NJ, USA",39.9259463,-75.1196199
"Syracuse, NY, USA",43.0481221,-76.14742439999999
"Muscle Shoals, AL, USA",34.7448112,-87.66752919999999
"Leesburg, FL, USA",28.810823,-81.87785819999999
"Moriarty, NM, USA",34.9900503,-106.0491893
"Fort Mill, SC, USA",35.0073697,-80.94507589999999
"Sierra Vista, AZ, USA",31.5455001,-110.2772856
"Overland, MO, USA",38.7011626,-90.3623381
"Sarasota, FL, USA",27.3364347,-82.53065269999999
"Buford, GA, USA",34.1206564,-84.0043513
"Reardan, WA 99029, USA",47.6696057,-117.8777336
"Sisters, OR 97759, USA",44.2909491,-121.5492118
"Los Angeles, CA, USA",34.0522342,-118.2436849
"Miami, FL, USA",25.7616798,-80.1917902
"San Diego, CA, USA",32.715738,-117.1610838
"Albany, NY, USA",42.6525793,-73.7562317
"Providence, RI, USA",41.8239891,-71.4128343
"East Meadow, NY, USA",40.7139898,-73.5590157
"Miami Beach, FL, USA",25.790654,-80.1300455
"Jonesboro, GA, USA",33.5215013,-84.3538128
"Augusta, GA, USA",33.4734978,-82.0105148
"Walnut, CA, USA",34.0202894,-117.8653386
"Philadelphia, PA, USA",39.9525839,-75.1652215
"Elgin, OR 97827, USA",45.5648612,-117.917434
"Charenton, LA, USA",29.8815936,-91.5251126
"Las Vegas, NV, USA",36.1699412,-115.1398296
"Kilgore, TX 75662, USA",32.3862619,-94.87577089999999
"Jersey City, NJ, USA",40.72815749999999,-74.0776417
"Upper Marlboro, MD 20772, USA",38.8159473,-76.74969089999999
"Thornton, CO, USA",39.8680412,-104.9719243
"Palm Springs, CA, USA",33.8302961,-116.5452921
"Las Vegas, NV, USA",36.1699412,-115.1398296
"Las Vegas, NV, USA",36.1699412,-115.1398296
"Winslow Township, NJ, USA",39.6573556,-74.8623203
"Portsmouth, VA, USA",36.8354258,-76.2982742
"Upper Marlboro, MD 20772, USA",38.8159473,-76.74969089999999
"Toledo, OH, USA",41.6639383,-83.55521200000001
"Willis Hall, Northeastern University, 50 Leon Street, Boston, MA 02115, USA",42.3380418,-71.0914531
"Tucson, AZ, USA",32.2217429,-110.926479
"Jacksonville, FL, USA",30.3321838,-81.65565099999999
"Cranston, RI, USA",41.7798226,-71.4372796
"Syracuse, NY, USA",43.0481221,-76.14742439999999
"Beecher, IL 60401, USA",41.34059,-87.6214286
"Orlando, FL, USA",28.5383355,-81.3792365
"Parma, OH, USA",41.4047742,-81.7229086
"San Francisco, CA, USA",37.7749295,-122.4194155
"Phoenix, AZ, USA",33.4483771,-112.0740373
"Las Vegas, NV, USA",36.1699412,-115.1398296
"Las Vegas, NV, USA",36.1699412,-115.1398296
"Trainer, PA, USA",39.82761259999999,-75.41436039999999
"Sunnyside, WA, USA",46.3237423,-120.0086538
"Palmer, AK 99645, USA",61.5997222,-149.1127778
"Las Vegas, NV, USA",36.1699412,-115.1398296
"Kent, WA, USA",47.3809335,-122.2348431
"Canton, OH, USA",40.79894729999999,-81.378447
"Bryan, TX, USA",30.6743643,-96.3699632
"Chicago, IL, USA",41.8781136,-87.6297982
"Chicago, IL, USA",41.8781136,-87.6297982
"Huntington Park, CA, USA",33.9816812,-118.2250725
"Rogers, AR, USA",36.3320196,-94.1185366
"Fort Wayne, IN, USA",41.079273,-85.1393513
"Houston, TX, USA",29.7604267,-95.3698028
"Jackson, KY 41339, USA",37.5531457,-83.38351349999999
"Schenectady, NY, USA",42.8142432,-73.9395687
"Fort Wayne, IN, USA",41.079273,-85.1393513
"Rapid City, SD, USA",44.0805434,-103.2310149
"Suisun City, CA, USA",38.2382474,-122.040244
"Columbus, OH, USA",39.9611755,-82.99879419999999
"Trenton, NJ, USA",40.2170534,-74.7429384
"Salina, UT 84654, USA",38.9577407,-111.859925
"San Francisco, CA, USA",37.7749295,-122.4194155
"Granite City, IL, USA",38.7014389,-90.14871989999999
"Cottonwood, CA 96022, USA",40.3857087,-122.2808356
"Shasta, CA, USA",40.598119,-122.4907566
"Houston, TX, USA",29.7604267,-95.3698028
"Bloomington, IN, USA",39.165325,-86.52638569999999
"San Joaquin Area Flood Control Agency, 22 East Weber Avenue, Stockton, CA 95202, USA",37.9534785,-121.2907181
"Saint Paul Park, MN, USA",44.839444,-92.99166699999999
"Pico Rivera, CA, USA",33.9830688,-118.096735
"Pico Rivera, CA, USA",33.9830688,-118.096735
"Winslow Township, NJ, USA",39.6573556,-74.8623203
"Las Cruces, NM, USA",32.3199396,-106.7636538
"East Point, GA, USA",33.6795531,-84.43937240000001
"Chicago, IL, USA",41.8781136,-87.6297982
"Tabor City, NC, USA",34.1487804,-78.8766916
"Houston, TX, USA",29.7604267,-95.3698028
"Lancaster, SC 29720, USA",34.7204257,-80.7709014
"Redding, CA, USA",40.5865396,-122.3916754
"Ottawa, KS 66067, USA",38.615768,-95.2686366
"Yakima, WA, USA",46.6020711,-120.5058987
"San Diego, CA, USA",32.715738,-117.1610838
"Hawthorne, CA, USA",33.9164032,-118.3525748
"Vancouver, WA, USA",45.6387281,-122.6614861
"Kermit, TX 79745, USA",31.8576265,-103.0926652
"Denver, CO, USA",39.7384357,-104.9848593
"Alto, TX 75925, USA",31.6504546,-95.0727175
"Denmark, SC 29042, USA",33.3226546,-81.1423236
"Verdi, NV, USA",39.5183106,-119.9887669
"South Gate, CA, USA",33.954737,-118.2120161
"Phoenix, AZ, USA",33.4483771,-112.0740373
"Willowbrook, CA, USA",33.9169602,-118.2550726
"Okanogan, WA 98840, USA",48.361262,-119.5833869
"Chicago, IL, USA",41.8781136,-87.6297982
"Brooklyn, NY, USA",40.6781784,-73.9441579
"Henderson, NC, USA",36.3295905,-78.3991638
"Brooklyn, NY, USA",40.6781784,-73.9441579
"Salt Lake City, UT, USA",40.7607793,-111.8910474
"Los Angeles, CA, USA",34.0522342,-118.2436849
"Manchester, NH, USA",42.9956397,-71.4547891
"Houston, TX, USA",29.7604267,-95.3698028
"Cape Canaveral, FL, USA",28.388333,-80.603611
"Salt Lake City, UT, USA",40.7607793,-111.8910474
"Brooklyn, NY, USA",40.6781784,-73.9441579
"Baton Rouge, LA, USA",30.4582829,-91.1403196
"Riverside, CA, USA",33.9533487,-117.3961564
"Sunset Harbor Road Southeast, Bolivia, NC 28422, USA",33.950927,-78.207089
"Glendora, CA, USA",34.1361187,-117.865339
"San Diego, CA, USA",32.715738,-117.1610838
"Sioux Falls, SD, USA",43.5445959,-96.73110340000001
"Oakland, CA, USA",37.8043637,-122.2711137
"Oakland, CA, USA",37.8043637,-122.2711137
"Hilliard, OH, USA",40.0333961,-83.1582451
"High Springs, FL, USA",29.8269064,-82.59678319999999
"Battle Creek, MI, USA",42.3211522,-85.17971419999999
"Baltimore, MD, USA",39.2903848,-76.6121893
"Mableton, GA, USA",33.8187167,-84.5824329
"Centreville, VA, USA",38.8403909,-77.42887689999999
"Geneva, NY 14456, USA",42.8679836,-76.985557
"Palm Springs, CA, USA",33.8302961,-116.5452921
"Manchester, CT, USA",41.7759301,-72.52150089999999
"Aurora, CO, USA",39.7294319,-104.8319195
"Houston, TX, USA",29.7604267,-95.3698028
"Morrow, GA, USA",33.5831662,-84.33936829999999
"Evans, CO, USA",40.3763701,-104.6921874
"Ventura, CA, USA",34.274646,-119.2290316
"Madison, WI, USA",43.0730517,-89.4012302
"Cabot, AR, USA",34.974532,-92.0165336
"Towaoc, CO 81321, USA",37.2044387,-108.7295415
"Guerneville, CA, USA",38.5018575,-122.9961102
"Columbia, SC, USA",34.0007104,-81.0348144
"Seattle, WA, USA",47.6062095,-122.3320708
"Santa Cruz, CA, USA",36.9741171,-122.0307963
"Riverside, CA, USA",33.9533487,-117.3961564
"Spokane, WA, USA",47.6587802,-117.4260466
"Reno, NV, USA",39.5296329,-119.8138027
"Springfield, MO, USA",37.2089572,-93.29229889999999
"Long Beach, CA, USA",33.7700504,-118.1937395
"Northern Extension - Heritage Rail Trail County Park, York, PA 17406, USA",40.0150519,-76.7157564
"Anchorage, AK, USA",61.2180556,-149.9002778
"Monterey Park, CA, USA",34.0625106,-118.1228476
"Jacksonville, FL, USA",30.3321838,-81.65565099999999
"Modesto, CA, USA",37.63909719999999,-120.9968782
"Miami, FL, USA",25.7616798,-80.1917902
"Murfreesboro, TN, USA",35.8456213,-86.39027
"Las Vegas, NV, USA",36.1699412,-115.1398296
"Spokane, WA, USA",47.6587802,-117.4260466
"Harlingen, TX, USA",26.1906306,-97.69610259999999
"Dale County, AL, USA",31.4645298,-85.684578
"Copperas Cove, TX, USA",31.124062,-97.90307849999999
"Lewes, DE, USA",38.7745565,-75.13934979999999
"East Rialto Avenue, Rialto, CA, USA",34.0995403,-117.3616179
"Saint Petersburg, FL, USA",27.773056,-82.64
"Albuquerque, NM, USA",35.110703,-106.609991
"Anaheim, CA, USA",33.8352932,-117.9145036
"Las Vegas, NV, USA",36.1699412,-115.1398296
"Green Oak Township, MI, USA",42.4782758,-83.7411631
"Woodruff, SC 29388, USA",34.7395701,-82.0370466
"Milton, WA, USA",47.2481558,-122.312899
"Copperas Cove, TX, USA",31.124062,-97.90307849999999
"South Bend, IN, USA",41.6763545,-86.25198979999999
"Tolleson, AZ, USA",33.4500425,-112.259321
"Houston, TX, USA",29.7604267,-95.3698028
"Colorado, USA",39.5500507,-105.7820674
"Kendall, FL, USA",25.6660336,-80.357827
"Kendall, FL, USA",25.6660336,-80.357827
"Minneapolis, MN, USA",44.9761541,-93.2674306
"Milwaukee, WI, USA",43.0389025,-87.9064736
"West Valley City, UT, USA",40.6916132,-112.0010501
"Shoreline, WA, USA",47.7556531,-122.3415178
"Atlanta, GA, USA",33.7489954,-84.3879824
"Copley, OH, USA",41.0875099,-81.63638689999999
"Tallahassee, FL, USA",30.4382559,-84.28073289999999
"Columbus, OH, USA",39.9611755,-82.99879419999999
"Copperas Cove, TX, USA",31.124062,-97.90307849999999
"Darien, GA 31305, USA",31.3702255,-81.43399029999999
"Colerain, OH, USA",39.2591765,-84.6269824
"Walsenburg, CO 81089, USA",37.6241793,-104.7802645
"Miami, FL, USA",25.7616798,-80.1917902
"Clinton, MD, USA",38.7651145,-76.8983059
"Schenectady, NY, USA",42.8142432,-73.9395687
"Watertown, NY 13601, USA",43.9747838,-75.91075649999999
"Denver, CO, USA",39.7384357,-104.9848593
"Berkeley, CA, USA",37.8715926,-122.272747
"Mooresville, NC, USA",35.5848596,-80.8100724
"Hanover, MD 21076, USA",39.1900184,-76.72299129999999
"Albuquerque, NM, USA",35.110703,-106.609991
"Knoxville, TN, USA",35.9606384,-83.9207392
"Dallas, TX, USA",32.7802618,-96.8009781
"San Jose, CA, USA",37.3335957,-121.8907038
"Oakland, CA, USA",37.8043637,-122.2711137
"Anaheim, CA, USA",33.8352932,-117.9145036
"Atlanta, GA, USA",33.7489954,-84.3879824
"Anaheim, CA, USA",33.8352932,-117.9145036
"Apple Valley, MN, USA",44.7319094,-93.21772000000001
"Cave Junction, OR 97523, USA",42.1628912,-123.6481235
"Royal City, WA 99357, USA",46.90097009999999,-119.6305912
"Cambridge, VT, USA",44.6447724,-72.87627719999999
"Lauderdale Lakes, FL, USA",26.1664736,-80.2083806
"Lauderdale Lakes, FL, USA",26.1664736,-80.2083806
"Oxnard, CA, USA",34.1975048,-119.1770516
"Chicago, IL, USA",41.8781136,-87.6297982
"Corona, CA, USA",33.8752935,-117.5664384
"Daytona Beach, FL, USA",29.2108147,-81.0228331
"Wayne, NJ, USA",40.92537249999999,-74.2765441
"Antioch, CA, USA",38.0049214,-121.805789
"Ozark, MO, USA",37.0208865,-93.2060163
"Purcellville, VA, USA",39.1367717,-77.7147153
"Jacksonville, FL, USA",30.3321838,-81.65565099999999
"Los Angeles, CA, USA",34.0522342,-118.2436849
"Las Vegas, NV, USA",36.1699412,-115.1398296
"West Palm Beach, FL, USA",26.7153424,-80.0533746
"Las Vegas, NV, USA",36.1699412,-115.1398296
"Atlanta, GA, USA",33.7489954,-84.3879824
"Ashland, MA, USA",42.2612067,-71.4633956
"Chicago, IL, USA",41.8781136,-87.6297982
"Geneva, NY 14456, USA",42.8679836,-76.985557
"Tucson, AZ, USA",32.2217429,-110.926479
"Point Lookout, NY, USA",40.5923255,-73.58068399999999
"Page, AZ 86040, USA",36.91472220000001,-111.4558333
"Cincinnati, IL, USA",40.5224251,-89.6722171
"Winston-Salem, NC, USA",36.09985959999999,-80.244216
"Sierra Vista, AZ, USA",31.5455001,-110.2772856
"Philadelphia, PA, USA",39.9525839,-75.1652215
"Fresno Street, Wellton, AZ 85356, USA",32.673736,-114.1383073
"Rialto, CA, USA",34.1064001,-117.3703235
"Ventura, CA, USA",34.274646,-119.2290316
"Poughkeepsie, NY, USA",41.7003713,-73.9209701
"Kauai, Hawaii, USA",22.0964396,-159.5261238
"San Diego, CA, USA",32.715738,-117.1610838
"Hempstead, NY, USA",40.7062128,-73.6187397
"Marietta, GA, USA",33.95260200000001,-84.5499327
"Shalimar, FL 32579, USA",30.4457544,-86.5791189
"Wellston, MO, USA",38.6728292,-90.29928079999999
"Grand Rapids, MI, USA",42.9633599,-85.6680863
"Waterloo, IA, USA",42.492786,-92.34257749999999
"Saint Cloud, FL, USA",28.2489016,-81.2811801
"East Cleveland, OH, USA",41.5331066,-81.57901369999999
"Las Vegas, NV, USA",36.1699412,-115.1398296
"Mount Airy, NC, USA",36.4993007,-80.6072858
"Van Buren, AR, USA",35.436756,-94.34826799999999
"Hampstead, NC, USA",34.3675936,-77.71054819999999
"Lower Mill Drive, Owings Mills, MD 21117, USA",39.4013487,-76.8054739
"Greensboro, NC, USA",36.0726354,-79.7919754
"Brattleboro, VT, USA",42.8509152,-72.5578678
"Phoenix, AZ, USA",33.4483771,-112.0740373
"Chicago, IL, USA",41.8781136,-87.6297982
"San Francisco, CA, USA",37.7749295,-122.4194155
"Napavine, WA, USA",46.5745496,-122.9081782
"Santa Rosa, CA, USA",38.440429,-122.7140548
"Buffalo, NY, USA",42.88644679999999,-78.8783689
"Winslow Township, NJ, USA",39.6573556,-74.8623203
"Miami, FL, USA",25.7616798,-80.1917902
"Middlesboro, KY 40965, USA",36.6072567,-83.7142848
"Baltimore, MD, USA",39.2903848,-76.6121893
"Monroe, NC, USA",34.9854275,-80.5495112
"Orlando, FL, USA",28.5383355,-81.3792365
"White Plains, NY, USA",41.03398620000001,-73.7629097
"Forest City, IA 50436, USA",43.2624685,-93.6371937
"Cincinnati, OH, USA",39.1031182,-84.5120196
"Seal Beach, CA, USA",33.7414064,-118.1047866
"Temple, TX, USA",31.0982344,-97.342782
"Bronx, NY, USA",40.8447819,-73.8648268
"Anaheim, CA, USA",33.8352932,-117.9145036
"Placentia, CA, USA",33.8722371,-117.8703363
"Van Nuys, Los Angeles, CA, USA",34.1898566,-118.451357
"Bronx, NY, USA",40.8447819,-73.8648268
"Tempe, AZ, USA",33.4255104,-111.9400054
"Monterey Park, CA, USA",34.0625106,-118.1228476
"Oakland, CA, USA",37.8043637,-122.2711137
"Fort Lauderdale, FL, USA",26.1224386,-80.13731740000001
"Anchorage, AK, USA",61.2180556,-149.9002778
"Littleton, CO, USA",39.613321,-105.0166498
"Shasta, CA, USA",40.598119,-122.4907566
"Gwinnett County, GA, USA",33.9190653,-84.01674229999999
"Salem, OR, USA",44.9428975,-123.0350963
"Guadalupe, AZ, USA",33.3708798,-111.9629216
"Alameda, CA, USA",37.7652065,-122.2416355
"Alameda, CA, USA",37.7652065,-122.2416355
"Otay Mesa, San Diego, CA, USA",32.5594732,-116.9734685
"Royal Palm Beach, FL, USA",26.7083984,-80.2306019
"Greenville, SC, USA",34.85261759999999,-82.3940104
"San Jacinto, CA, USA",33.7839084,-116.958635
"Northglenn, CO, USA",39.8961821,-104.9811468
"Glendale, AZ, USA",33.5386523,-112.1859866
"New London, CT, USA",41.3556539,-72.0995209
"Miami, FL, USA",25.7616798,-80.1917902
"Columbus, OH, USA",39.9611755,-82.99879419999999
"Belding, MI 48809, USA",43.0978094,-85.228906
"Glendale, AZ, USA",33.5386523,-112.1859866
"Tucson, AZ, USA",32.2217429,-110.926479
"Chester, PA, USA",39.849557,-75.3557457
"Miami, FL, USA",25.7616798,-80.1917902
"Anaheim, CA, USA",33.8352932,-117.9145036
"Plant City, FL, USA",28.0186323,-82.1128641
"Wagoner, OK 74467, USA",35.9595442,-95.36941159999999
"Saint Louis, MO, USA",38.6270025,-90.19940419999999
"Houston, TX, USA",29.7604267,-95.3698028
"Houston, TX, USA",29.7604267,-95.3698028
"Saint Paul, MN, USA",44.9537029,-93.0899578
"Lewis, NY 12950, USA",44.27502700000001,-73.5655742
"Phoenix, AZ, USA",33.4483771,-112.0740373
"Eden Prairie, MN, USA",44.8546856,-93.47078599999999
"Eden Prairie, MN, USA",44.8546856,-93.47078599999999
"Albuquerque, NM, USA",35.110703,-106.609991
"Sebewaing, MI, USA",43.7322394,-83.4510724
"Independence, MO, USA",39.0911161,-94.41550679999999
"Seattle, WA, USA",47.6062095,-122.3320708
"Culver City, CA, USA",34.0211224,-118.3964665
"Cincinnati, OH, USA",39.1031182,-84.5120196
"Kansas City, MO, USA",39.0997265,-94.5785667
"Homewood, IL, USA",41.5572567,-87.6656014
"Boston, MA, USA",42.3584865,-71.060097
"Philadelphia, PA, USA",39.9525839,-75.1652215
"Scottsdale, AZ, USA",33.4941704,-111.9260519
"Los Angeles, CA, USA",34.0522342,-118.2436849
"Darby, PA, USA",39.9184461,-75.2590721
"Los Angeles, CA, USA",34.0522342,-118.2436849
"Dundee, OR 97115, USA",45.2781732,-123.010935
"Los Angeles, CA, USA",34.0522342,-118.2436849
"Winchester, NH, USA",42.7734022,-72.38312359999999
"Orlando, FL, USA",28.5383355,-81.3792365
"Ventura, CA, USA",34.274646,-119.2290316
"East Point, GA, USA",33.6795531,-84.43937240000001
"Suisun City, CA, USA",38.2382474,-122.040244
"San Francisco, CA, USA",37.7749295,-122.4194155
"Roseville, MI, USA",42.4972583,-82.9371409
"Saint Cloud, FL, USA",28.2489016,-81.2811801
"Lafayette, IN, USA",40.4167022,-86.87528689999999
"Miami, FL, USA",25.7616798,-80.1917902
"Miami, FL, USA",25.7616798,-80.1917902
"Miami, FL, USA",25.7616798,-80.1917902
"Miami, FL, USA",25.7616798,-80.1917902
"Portland, OR, USA",45.5230622,-122.6764816
"Aurora, CO, USA",39.7294319,-104.8319195
"Aurora, CO, USA",39.7294319,-104.8319195
"Country Club Hills, IL, USA",41.5680898,-87.72032569999999
"Birmingham, AL, USA",33.5206608,-86.80248999999999
"Louisville, KY, USA",38.2526647,-85.7584557
"Clearwater, FL, USA",27.9658533,-82.8001026
"Henry County, AL, USA",31.4469377,-85.1894045
"Saint Paul, MN, USA",44.9537029,-93.0899578
"Miami, FL, USA",25.7616798,-80.1917902
"Miami, FL, USA",25.7616798,-80.1917902
"Miami, FL, USA",25.7616798,-80.1917902
"Miami, FL, USA",25.7616798,-80.1917902
"Corona, CA, USA",33.8752935,-117.5664384
"Corona, CA, USA",33.8752935,-117.5664384
"McFarland Bridge, McFarland, CA 93250, USA",35.678499,-119.227307
"Olney, Philadelphia, PA, USA",40.039606,-75.1253492
"Akron, OH, USA",41.0814447,-81.51900529999999
"Watauga County, NC, USA",36.1941825,-81.73494199999999
"Lucas, OH 44843, USA",40.7050579,-82.4182204
"North Boise Street, Nampa, ID 83651, USA",43.5824088,-116.5955284
"Manhattan, New York, NY, USA",40.790278,-73.959722
"Rockland, MA, USA",42.1306563,-70.9161551
"Modesto, CA, USA",37.63909719999999,-120.9968782
"Custer, SD 57730, USA",43.7666507,-103.5988057
"Columbus, GA, USA",32.4609764,-84.9877094
"New Castle, PA, USA",41.0036719,-80.34700900000001
"Norfolk, VA, USA",36.8507689,-76.28587259999999
"Warm Springs, OR, USA",44.7634519,-121.2661625
"New Castle, PA, USA",41.0036719,-80.34700900000001
"Pittsburgh, PA, USA",40.44062479999999,-79.9958864
"Pittsburgh, PA, USA",40.44062479999999,-79.9958864
"Elk Creek, Lee, WV, USA",37.7335531,-82.18309020000001
"Lauderhill, FL, USA",26.1403635,-80.2133808
"Harford Creamery Road, White Hall, MD 21161, USA",39.6486518,-76.52191119999999
"Rockford, IL, USA",42.2711311,-89.0939952
"Hawthorne, CA, USA",33.9164032,-118.3525748
"Queens, NY, USA",40.75,-73.86666699999999
"Lancaster, SC 29720, USA",34.7204257,-80.7709014
"Brooklyn, NY, USA",40.6781784,-73.9441579
"Las Vegas, NV, USA",36.1699412,-115.1398296
"Houston, TX, USA",29.7604267,-95.3698028
"Cincinnati, OH, USA",39.1031182,-84.5120196
"Chicago, IL, USA",41.8781136,-87.6297982
"La Habra, CA, USA",33.9319578,-117.9461734
"Ithaca, NY, USA",42.4439614,-76.5018807
"Mankato, MN, USA",44.1635775,-93.99939959999999
"Columbus, OH, USA",39.9611755,-82.99879419999999
"Washington, DC, USA",38.9071923,-77.0368707
"Seattle, WA, USA",47.6062095,-122.3320708
"Long Beach, CA, USA",33.7700504,-118.1937395
"Seattle, WA, USA",47.6062095,-122.3320708
"Seattle, WA, USA",47.6062095,-122.3320708
"Charlotte, NC, USA",35.2270869,-80.8431267
"Bellevue, WA, USA",47.610377,-122.2006786
"Seattle, WA, USA",47.6062095,-122.3320708
"Seattle, WA, USA",47.6062095,-122.3320708
"York, SC 29745, USA",34.9943021,-81.24201750000002
"Catawba, NC, USA",35.70735579999999,-81.07563449999999
"Haltom City, TX, USA",32.7995738,-97.26918169999999
"Norfolk, Norfolk, VA 23510, USA",36.843509,-76.276195
"Vancouver, WA, USA",45.6387281,-122.6614861
"Pryor Creek, OK 74361, USA",36.3084275,-95.31691359999999
"Baltimore, MD, USA",39.3248208,-76.7567368
"Charlotte, NC, USA",35.2270869,-80.8431267
"Arlington, TX, USA",32.735687,-97.10806559999999
"Woodland Park, CO 80863, USA",38.9938808,-105.0569301
"Jacksonville, FL, USA",30.3321838,-81.65565099999999
"Fernley, NV, USA",39.6079683,-119.2518349
"Section, AL, USA",34.5789747,-85.986644
"Dublin, CA, USA",37.7021521,-121.9357918
"Tunkhannock, PA, USA",41.5532679,-75.911483
"Craig, MO 64437, USA",40.1947193,-95.3710903
"Pensacola, FL, USA",30.42130899999999,-87.2169149
"Frankfort, KY 40601, USA",38.2009055,-84.87328350000001
"Hearne, TX 77859, USA",30.8785238,-96.59302579999999
"Memphis, TN, USA",35.1495343,-90.0489801
"Moreno Valley, CA, USA",33.9424658,-117.2296717
"York, PA, USA",39.9625984,-76.727745
"Berkeley, CA, USA",37.8715926,-122.272747
"Riverside, CA, USA",33.9533487,-117.3961564
"Fruita, CO, USA",39.1588696,-108.7289882
"Green Bay, WI, USA",44.51915899999999,-88.019826
"Bonney Lake, WA, USA",47.1770457,-122.1865056
"Elk Grove, CA, USA",38.4087993,-121.3716178
"Colville, WA 99114, USA",48.5449971,-117.9009544
"Lauderdale-by-the-Sea, FL, USA",26.192028,-80.0964326
"Nez Perce County, ID, USA",46.41818139999999,-116.622876
"Snake River Correctional Inst. (SRCI), 777 Stanton Boulevard, Ontario, OR 97914, USA",44.0794621,-117.0671797
"Houston, TX, USA",29.7604267,-95.3698028
"Charles Town, WV, USA",39.28899029999999,-77.8597175
"Brooklyn, NY, USA",40.6781784,-73.9441579
"Palm Beach, FL, USA",26.7056206,-80.0364297
"Los Angeles, CA, USA",34.0522342,-118.2436849
"Yuba City, CA, USA",39.1404477,-121.6169108
"Mansfield Township, NJ, USA",40.808466,-74.91023
"Las Cruces, NM, USA",32.3199396,-106.7636538
"Aurora, CO, USA",39.7294319,-104.8319195
"Glendale, CA, USA",34.1425078,-118.255075
"Fort Myers, FL, USA",26.640628,-81.8723084
"Jacksonville, FL, USA",30.3321838,-81.65565099999999
"Morrow, GA, USA",33.5831662,-84.33936829999999
"Virginia Beach, VA, USA",36.8529263,-75.97798499999999
"West Los Angeles, Los Angeles, CA, USA",34.0412085,-118.442596
"Phoenix, AZ, USA",33.4483771,-112.0740373
"Spokane, WA, USA",47.6587802,-117.4260466
"Temple, TX, USA",31.0982344,-97.342782
"Phoenix, AZ, USA",33.4483771,-112.0740373
"Spartanburg, SC, USA",34.9495672,-81.9320482
"Albuquerque, NM, USA",35.110703,-106.609991
"Camden, NJ, USA",39.9259463,-75.1196199
"Beloit, WI, USA",42.5083482,-89.03177649999999
"Chicago, IL, USA",41.8781136,-87.6297982
"Wichita Falls, TX, USA",33.9137085,-98.4933873
"Spartanburg, SC, USA",34.9495672,-81.9320482
"Elizabeth City, NC, USA",36.2946008,-76.2510461
"Lansing, MI, USA",42.732535,-84.5555347
"Houston, TX, USA",29.7604267,-95.3698028
"Tuckerton, NJ, USA",39.603174,-74.34014499999999
"Chicago, IL, USA",41.8781136,-87.6297982
"San Jose, CA, USA",37.3335957,-121.8907038
"San Jose, CA, USA",37.3335957,-121.8907038
"Pasco, WA, USA",46.2395793,-119.1005657
"Henderson, NV, USA",36.0395247,-114.9817213
"San Francisco, CA, USA",37.7749295,-122.4194155
"Decatur, IN 46733, USA",40.830603,-84.9291329
"Selden, NY, USA",40.8664873,-73.0356625
"Pendleton, OR 97801, USA",45.672075,-118.7885967
"New Brunswick, NJ, USA",40.4862157,-74.4518188
"Memphis, TN, USA",35.1495343,-90.0489801
"Rochester, NY, USA",43.16103,-77.6109219
"Amarillo, TX, USA",35.2219971,-101.8312969
"Memphis, TN, USA",35.1495343,-90.0489801
"Orlando, FL, USA",28.5383355,-81.3792365
"Orlando, FL, USA",28.5383355,-81.3792365
"Amarillo, TX, USA",35.2219971,-101.8312969
"Orlando, FL, USA",28.5383355,-81.3792365
"Denver, CO, USA",39.7384357,-104.9848593
"Paterson, NJ, USA",40.9167654,-74.17181099999999
"Perrysburg, OH, USA",41.556996,-83.627157
"Memphis, TN, USA",35.1495343,-90.0489801
"Coeur d'Alene, ID, USA",47.6776832,-116.7804664
"Wilmington, NC, USA",34.2257255,-77.9447102
"Fillmore, CA 93015, USA",34.3991639,-118.918154
"Golden Valley, MN, USA",44.9917149,-93.3600034
"Saint Petersburg, FL, USA",27.773056,-82.64
"Philadelphia, PA, USA",39.9525839,-75.1652215
"Mendocino, CA, USA",39.3076744,-123.7994591
"Rockford, IL, USA",42.2711311,-89.0939952
"Chicago, IL, USA",41.8781136,-87.6297982
"Harlingen, TX, USA",26.1906306,-97.69610259999999
"Los Angeles, CA, USA",34.0522342,-118.2436849
"Maynardville, TN, USA",36.2506364,-83.79740989999999
"Staten Island, NY, USA",40.5795317,-74.1502007
"Bronx, NY, USA",40.8447819,-73.8648268
"Columbus, OH, USA",39.9611755,-82.99879419999999
"Houston, TX, USA",29.7604267,-95.3698028
"Las Cruces, NM, USA",32.3199396,-106.7636538
"Washington, DC, USA",38.9071923,-77.0368707
"Spokane, WA, USA",47.6587802,-117.4260466
"Upper Darby, PA, USA",39.957902,-75.3076883
"Torrance, CA, USA",33.8358492,-118.3406288
"Torrance, CA, USA",33.8358492,-118.3406288
"Ceres, CA, USA",37.5949316,-120.9577098
"Harlem, New York, NY, USA",40.8115504,-73.9464769
"University of South Florida, NA - NC, Tampa, FL 33620, USA",28.0597289,-82.4125812
"Na Pali, Mountain View, CA 94043, USA",37.4225649,-122.0906349
"Jonesboro, AR, USA",35.84229670000001,-90.704279
"Phoenix, AZ, USA",33.4483771,-112.0740373
"Salt Lake City, UT, USA",40.7607793,-111.8910474
"Murray, UT, USA",40.6668916,-111.8879909
"Saint Louis, MO, USA",38.6270025,-90.19940419999999
"Willard, OH 44890, USA",41.0531109,-82.7262906
"Fort Pierce, FL, USA",27.4467056,-80.3256056
"Citrus Heights, CA, USA",38.7071247,-121.2810611
"Bronx, NY, USA",40.8447819,-73.8648268
"Taylor County, GA, USA",32.5407455,-84.2278796
"Fort Belvoir, VA, USA",38.71887160000001,-77.15426839999999
"Indianapolis, IN, USA",39.768403,-86.158068
"West Valley City, UT, USA",40.6916132,-112.0010501
"Las Vegas, NV, USA",36.1699412,-115.1398296
"University of California, Merced, 5200 Lake Road, Merced, CA 95343, USA",37.3629181,-120.4301435
"Las Vegas, NV, USA",36.1699412,-115.1398296
"Las Vegas, NV, USA",36.1699412,-115.1398296
"Las Vegas, NV, USA",36.1699412,-115.1398296
"Brooklyn Center, MN, USA",45.076076,-93.3327283
"Pocahontas, AR 72455, USA",36.2614554,-90.97123300000001
"Columbus, OH, USA",39.9611755,-82.99879419999999
"Hialeah, FL, USA",25.8575963,-80.2781057
"Brownsville, TX, USA",25.9017472,-97.4974838
"Brownsville, TX, USA",25.9017472,-97.4974838
"Shreveport, LA, USA",32.5251516,-93.7501789
"Boca Raton, FL, USA",26.3683064,-80.1289321
"Visalia, CA, USA",36.3302284,-119.2920585
"Bladensburg, MD, USA",38.9392779,-76.93386310000001
"Dallas, TX, USA",32.7802618,-96.8009781
"Saint Louis, MO, USA",38.6270025,-90.19940419999999
"Baltimore, MI, USA",42.5507716,-85.2515482
"Tarrant County, TX, USA",32.7732044,-97.35165579999999
"Dayton, OH, USA",39.7589478,-84.1916069
"Vallejo, CA, USA",38.1040864,-122.2566367
"Vallejo, CA, USA",38.1040864,-122.2566367
"Louisville, KY, USA",38.2526647,-85.7584557
"Richmond, CA, USA",37.9357576,-122.3477486
"Billings, MT, USA",45.7832856,-108.5006904
"Pittsburgh, PA, USA",40.44062479999999,-79.9958864
"Brooklyn, NY, USA",40.6781784,-73.9441579
"Napa, CA, USA",38.2975381,-122.286865
"Temecula, CA, USA",33.4936391,-117.1483648
"Raytown, MO, USA",39.0086171,-94.46356379999999
"New Orleans, LA, USA",29.95106579999999,-90.0715323
"New Orleans, LA, USA",29.95106579999999,-90.0715323
"New Orleans, LA, USA",29.95106579999999,-90.0715323
"Chattanooga, TN, USA",35.0456297,-85.3096801
"Smyrna, GA, USA",33.8839926,-84.51437609999999
"Brooklyn, NY, USA",40.6781784,-73.9441579
"Saint Paul, MN, USA",44.9537029,-93.0899578
"Santa Ana, CA, USA",33.7455731,-117.8678338
"Greensboro, NC, USA",36.0726354,-79.7919754
"Township of Northville, MI 48168, USA",42.4138139,-83.46902469999999
"Houston, TX, USA",29.7604267,-95.3698028
"Pittsburg, CA, USA",38.0279762,-121.8846806
"Brooksville, FL, USA",28.5552719,-82.3878709
"Houston, TX, USA",29.7604267,-95.3698028
"Villa Hills, KY, USA",39.0633933,-84.5929998
"Kansas City, MO, USA",39.0997265,-94.5785667
"Indio, CA, USA",33.7205771,-116.2155619
"Monterey Park, CA, USA",34.0625106,-118.1228476
"Waterloo, IA, USA",42.492786,-92.34257749999999
"Enterprise, AL 36330, USA",31.3151708,-85.85521609999999
"Anaheim, CA, USA",33.8352932,-117.9145036
"Rockwall, TX, USA",32.93123360000001,-96.4597089
"Chicago, IL, USA",41.8781136,-87.6297982
"Grapevine, TX, USA",32.9342919,-97.0780654
"Rapid City, SD, USA",44.0805434,-103.2310149
"Springfield, MO, USA",37.2089572,-93.29229889999999
"Ogden, UT, USA",41.223,-111.9738304
"Allentown, PA, USA",40.6084305,-75.4901833
"Craig, Vinita, OK 74301, USA",36.650081,-95.116911
"Plentywood, MT 59254, USA",48.773639,-104.5602351
"North Hollywood, Los Angeles, CA, USA",34.187044,-118.3812562
"Stockton, CA, USA",37.9577016,-121.2907796
"Garland, TX, USA",32.912624,-96.63888329999999
"Kaysville, UT, USA",41.0352216,-111.9385521
"South River, NJ, USA",40.446495,-74.38598309999999
"Santa Ana, CA, USA",33.7455731,-117.8678338
"Castle Rock, CO, USA",39.3722121,-104.8560902
"Silverton, OR 97381, USA",45.0051213,-122.7831455
"Riverside, CA, USA",33.9533487,-117.3961564
"Farmington, UT, USA",40.9804999,-111.8874392
"Harrisburg, PA, USA",40.2731911,-76.8867008
"Duquesne, PA, USA",40.3814581,-79.85977079999999
"Monroeville, PA, USA",40.4211798,-79.7881024
"Bronx, NY, USA",40.8447819,-73.8648268
"Middleton, MI 48856, USA",43.1834886,-84.708793
"Snyder, TX 79549, USA",32.7178862,-100.9176184
"Eureka, CA, USA",40.8020712,-124.1636729
"Wilton Manors, FL, USA",26.1603626,-80.13893399999999
"New York, NY, USA",40.7127837,-74.0059413
"East 14th Street Business District, Oakland, CA, USA",37.7383181,-122.1653805
"San Francisco, CA, USA",37.7749295,-122.4194155
"Tampa, FL, USA",27.950575,-82.4571776
"Greenville, NC, USA",35.612661,-77.3663538
"Glynn County Police Department, 157 Public Safety Blvd, Brunswick, GA 31525, USA",31.260932,-81.498847
"Middleton, WI, USA",43.09721740000001,-89.5042876
"Glendale, CA, USA",34.1425078,-118.255075
"Detroit, MI, USA",42.331427,-83.0457538
"Republic, MO, USA",37.1200526,-93.4801942
"Millville, NJ, USA",39.4020596,-75.0393438
"Kentucky, USA",37.8393332,-84.2700179
"Las Vegas, NV, USA",36.1147074,-115.1728497
"El Cajon, CA, USA",32.7947731,-116.9625269
"Philadelphia, PA, USA",39.9525839,-75.1652215
"San Francisco, CA, USA",37.7749295,-122.4194155
"Saint Louis, MO, USA",38.6270025,-90.19940419999999
"North Philadelphia, Philadelphia, PA, USA",40.0067623,-75.14286320000001
"Bronx, NY, USA",40.8447819,-73.8648268
"Seattle, WA, USA",47.6062095,-122.3320708
"Long Beach, CA, USA",33.7700504,-118.1937395
"Long Beach, CA, USA",33.7700504,-118.1937395
"Long Beach, CA, USA",33.7700504,-118.1937395
"Long Beach, CA, USA",33.7700504,-118.1937395
"Long Beach, CA, USA",33.7700504,-118.1937395
"Long Beach, CA, USA",33.7700504,-118.1937395
"Long Beach, CA, USA",33.7700504,-118.1937395
"Long Beach, CA, USA",33.7700504,-118.1937395
"Bowling Green, KY, USA",36.9685219,-86.4808043
"Lawton, OK, USA",34.6035669,-98.39592909999999
"Detroit, MI, USA",42.331427,-83.0457538
"Chicago, IL, USA",41.8781136,-87.6297982
"Federal Way, WA, USA",47.3223221,-122.3126222
"Colonie, NY, USA",42.7178558,-73.83345539999999
"Centreville, VA, USA",38.8403909,-77.42887689999999
"Winter Park, FL, USA",28.5999998,-81.33923519999999
"Aurora, CO, USA",39.7294319,-104.8319195
"Chicago, IL, USA",41.8781136,-87.6297982
"Billings, MT, USA",45.7832856,-108.5006904
"Bridgeport, CT, USA",41.1865478,-73.19517669999999
"Brooklyn, NY, USA",40.6781784,-73.9441579
"Raytown, MO, USA",39.0086171,-94.46356379999999
"Ponte Vedra Beach, FL 32082, USA",30.2396865,-81.38563839999999
"Long Beach, CA, USA",33.7700504,-118.1937395
"Columbia, SC, USA",34.0007104,-81.0348144
"Bellflower, CA, USA",33.8816818,-118.1170117
"Folsom, CA, USA",38.6779591,-121.1760583
"South Carolina, USA",33.836081,-81.1637245
"Georgia, USA",32.1656221,-82.9000751
"Philadelphia, PA, USA",39.9525839,-75.1652215
"Dallas, TX, USA",32.7802618,-96.8009781
"Norwalk, CT, USA",41.11774399999999,-73.4081575
"Columbus, OH, USA",39.9611755,-82.99879419999999
"North Inglewood Avenue, Inglewood, CA, USA",33.9711699,-118.3610917
"Aberdeen Avenue, Aberdeen, MD 21001, USA",39.5024205,-76.1602893
"Conroe, TX, USA",30.3118769,-95.45605119999999
"Charlotte, NC, USA",35.2270869,-80.8431267
"Coeur d'Alene, ID, USA",47.6776832,-116.7804664
"Boston, MA, USA",42.3584865,-71.060097
"Henrico, VA 23294, USA",37.6307265,-77.54399610000002
"Kensington, Brooklyn, NY, USA",40.6376415,-73.97418739999999
"Kensington, Brooklyn, NY, USA",40.6376415,-73.97418739999999
"Chicago Road, Dolton, IL 60419, USA",41.6274429,-87.6075027
"Bronx, NY, USA",40.8447819,-73.8648268
"Chicago, IL, USA",41.8781136,-87.6297982
"Brush Valley, PA, USA",40.53805680000001,-79.0419053
"Richmond, Richmond, CA 94801, USA",37.936887,-122.353165
"Brooklyn, NY, USA",40.6781784,-73.9441579
"Bushwick, Brooklyn, NY, USA",40.6944282,-73.92128579999999
"Black Forest, CO, USA",39.0130484,-104.7008083
"Oakland, CA, USA",37.8043637,-122.2711137
"Philadelphia, PA, USA",39.9525839,-75.1652215
"Houston, TX, USA",29.7604267,-95.3698028
"Paterson, NJ, USA",40.9167654,-74.17181099999999
"Moss Point, MS, USA",30.4115881,-88.53446009999999
"Dallas Drive, Roanoke, TX 76262, USA",33.0006776,-97.2208867
"Baltimore, MD, USA",39.3248208,-76.7567368
"Chicago, IL, USA",41.8781136,-87.6297982
"Florida, USA",27.6648274,-81.5157535
"Colorado Springs, CO, USA",38.8338816,-104.8213634
"Cleveland, OH, USA",41.49932,-81.6943605
"Chicago, IL, USA",41.8781136,-87.6297982
"Aurora, CO, USA",39.7294319,-104.8319195
"Monroe, PA, USA",41.7130314,-76.4740454
"South Fulton Parkway, Union City, GA, USA",33.62225129999999,-84.59212219999999
"Centreville, VA, USA",38.8403909,-77.42887689999999
"Seattle, WA, USA",47.6062095,-122.3320708
"Kings County, NY, USA",40.6528762,-73.95949399999999
"Columbus, OH, USA",39.9611755,-82.99879419999999
"Hialeah, FL, USA",25.8575963,-80.2781057
"Hialeah, FL, USA",25.8575963,-80.2781057
"Mesa, AZ, USA",33.4151843,-111.8314724
"Mesa, AZ, USA",33.4151843,-111.8314724
"Hialeah, FL, USA",25.8575963,-80.2781057
"Mesa, AZ, USA",33.4151843,-111.8314724
"Lafayette, LA, USA",30.2240897,-92.0198427
"Northglenn, CO, USA",39.8961821,-104.9811468
"Enon, OH, USA",39.8781151,-83.9368765
"Glastonbury, CT, USA",41.6861794,-72.5450779
"Hartford, CT, USA",41.76371109999999,-72.6850932
"Manchester, CT, USA",41.7759301,-72.52150089999999
"Westland, MI, USA",42.32420399999999,-83.400211
"Albany, LA, USA",30.50435779999999,-90.5823138
"New Windsor, NY, USA",41.4767605,-74.02375180000001
"Jacksonville, FL, USA",30.3321838,-81.65565099999999
"Philadelphia, PA, USA",39.9525839,-75.1652215
"New Windsor, NY, USA",41.4767605,-74.02375180000001
"Santa Clara County, CA, USA",37.2938907,-121.7195459
"Clifton Heights, PA, USA",39.9292791,-75.2962972
"Avondale, AZ, USA",33.4355977,-112.3496021
"South Jordan, UT, USA",40.5621704,-111.929658
"Phillipsburg, NJ, USA",40.69370989999999,-75.1901761
"Portland, OR, USA",45.5230622,-122.6764816
"Mountain Lakes, NJ, USA",40.8948212,-74.4329314
"Montgomery Avenue Southwest, Roanoke, VA 24015, USA",37.24788520000001,-79.9858818
"Roanoke Street, Christiansburg, VA 24073, USA",37.1355533,-80.36822959999999
"Roanoke Street, Christiansburg, VA 24073, USA",37.1355533,-80.36822959999999
"Kent, WA, USA",47.3809335,-122.2348431
"Farmington, CT, USA",41.7360305,-72.79502699999999
"Arlington Heights, IL, USA",42.0883603,-87.98062650000001
"Kanarraville, UT, USA",37.5388676,-113.1841166
"Wenatchee, WA, USA",47.4234599,-120.3103494
"Hollis, ME, USA",43.6346754,-70.62089739999999
"Neillsville, WI 54456, USA",44.559962,-90.5962498
"Los Angeles, CA, USA",34.0522342,-118.2436849
"Chillicothe, OH 45601, USA",39.3331197,-82.9824019
"Cumberland, VA 23040, USA",37.4963918,-78.24486639999999
"Boynton Beach, FL, USA",26.5317866,-80.0905465
"Commonwealth of Supreme Court, 900 Race Street, Philadelphia, PA 19107, USA",39.9550931,-75.1548445
"Belleville, IL, USA",38.5200504,-89.9839935
"Pembroke Pines, FL, USA",26.007765,-80.2962555
